"StudyID","VCs","Traits","Crops","Country_std","Analysis_std","Software_std","Analysis_category","Analysis_group","Software_category","Software_group","Country_category","Country_group"
4774,"Farmer/grower","Color; Milling/processing quality; End-use quality (baking, malting, etc.)","Finger millet","Ethiopia","ANOVA","SAS","Hypothesis_Testing","statistical inference","SAS","Paid_proprietary","East_Africa","Africa"
4774,"Farmer/grower","Color; Milling/processing quality; End-use quality (baking, malting, etc.)","Finger millet","Ethiopia","Pair-wise rankings","SAS","Rank_choice","statistical inference","SAS","Paid_proprietary","East_Africa","Africa"
3326,"Consumer; Chef/brewer/home cook","Micronutrients; Color; Hardness; Sensory (aroma, taste, appearance, etc.); End-use quality (baking, malting, etc.)","Pearl millet","Burkina Faso","ANOVA","Statgraphics","Hypothesis_Testing","statistical inference","Statgraphics","Paid_proprietary","West_Africa","Africa"
3326,"Consumer; Chef/brewer/home cook","Micronutrients; Color; Hardness; Sensory (aroma, taste, appearance, etc.); End-use quality (baking, malting, etc.)","Pearl millet","Burkina Faso","Fisher's LSD","Statgraphics","Hypothesis_Testing","statistical inference","Statgraphics","Paid_proprietary","West_Africa","Africa"
3326,"Consumer; Chef/brewer/home cook","Micronutrients; Color; Hardness; Sensory (aroma, taste, appearance, etc.); End-use quality (baking, malting, etc.)","Pearl millet","Burkina Faso","Friedman Test","Statgraphics","Hypothesis_Testing","statistical inference","Statgraphics","Paid_proprietary","West_Africa","Africa"
3063,"Farmer/grower; Consumer","Size and shape; Sensory (aroma, taste, appearance, etc.)","Sorghum","India","ANOVA","GenStat","Hypothesis_Testing","statistical inference","GenStat","Paid_proprietary","South_Asia","Asia"
3063,"Farmer/grower; Consumer","Size and shape; Sensory (aroma, taste, appearance, etc.)","Sorghum","India","Fisher's LSD","GenStat","Hypothesis_Testing","statistical inference","GenStat","Paid_proprietary","South_Asia","Asia"
3044,"Farmer/grower","Color","Sorghum","Namibia","Chi-Square Analysis","SPSS","Hypothesis_Testing","statistical inference","SPSS","Paid_proprietary","Southern_Africa","Africa"
3044,"Farmer/grower","Color","Sorghum","Namibia","Pair-wise rankings","SPSS","Rank_choice","statistical inference","SPSS","Paid_proprietary","Southern_Africa","Africa"
1831,"Farmer/grower; Consumer; Processor/miller; Chef/brewer/home cook","Size and shape; Starch, protein, tannins, fiber, and/or fat; Color; Grain morphology (e.g. pericarp thickness); Sensory (aroma, taste, appearance, etc.); Milling/processing quality; End-use quality (baking, malting, etc.); Storability; Other: germination, medicinal","Sorghum","Benin","ANOVA","SPSS","Hypothesis_Testing","statistical inference","SPSS","Paid_proprietary","West_Africa","Africa"
1831,"Farmer/grower; Consumer; Processor/miller; Chef/brewer/home cook","Size and shape; Starch, protein, tannins, fiber, and/or fat; Color; Grain morphology (e.g. pericarp thickness); Sensory (aroma, taste, appearance, etc.); Milling/processing quality; End-use quality (baking, malting, etc.); Storability; Other: germination, medicinal","Sorghum","Benin","ANOVA","WinStat","Hypothesis_Testing","statistical inference","WinStat","Paid_proprietary","West_Africa","Africa"
1831,"Farmer/grower; Consumer; Processor/miller; Chef/brewer/home cook","Size and shape; Starch, protein, tannins, fiber, and/or fat; Color; Grain morphology (e.g. pericarp thickness); Sensory (aroma, taste, appearance, etc.); Milling/processing quality; End-use quality (baking, malting, etc.); Storability; Other: germination, medicinal","Sorghum","Benin","LSD","SPSS","Hypothesis_Testing","statistical inference","SPSS","Paid_proprietary","West_Africa","Africa"
1831,"Farmer/grower; Consumer; Processor/miller; Chef/brewer/home cook","Size and shape; Starch, protein, tannins, fiber, and/or fat; Color; Grain morphology (e.g. pericarp thickness); Sensory (aroma, taste, appearance, etc.); Milling/processing quality; End-use quality (baking, malting, etc.); Storability; Other: germination, medicinal","Sorghum","Benin","LSD","WinStat","Hypothesis_Testing","statistical inference","WinStat","Paid_proprietary","West_Africa","Africa"
1722,"Farmer/grower","Micronutrients","Sorghum","Burkina Faso","ANOVA","SAS","Hypothesis_Testing","statistical inference","SAS","Paid_proprietary","West_Africa","Africa"
1722,"Farmer/grower","Micronutrients","Sorghum","Burkina Faso","ANOVA","Stata","Hypothesis_Testing","statistical inference","Stata","Paid_proprietary","West_Africa","Africa"
1560,"Farmer/grower; Consumer; Processor/miller; Chef/brewer/home cook","Size and shape; Color; Hardness; Sensory (aroma, taste, appearance, etc.); End-use quality (baking, malting, etc.)","Fonio","Mali","ANOVA","SPSS","Hypothesis_Testing","statistical inference","SPSS","Paid_proprietary","West_Africa","Africa"
1489,"Consumer","Starch, protein, tannins, fiber, and/or fat; Color; Sensory (aroma, taste, appearance, etc.); End-use quality (baking, malting, etc.)","Sorghum","Brazil","ANOVA","R","Hypothesis_Testing","statistical inference","Open_Source","Free","South_America","Latin_America_and_the_Caribbean"
1489,"Consumer","Starch, protein, tannins, fiber, and/or fat; Color; Sensory (aroma, taste, appearance, etc.); End-use quality (baking, malting, etc.)","Sorghum","Brazil","Fisher's LSD","R","Hypothesis_Testing","statistical inference","Open_Source","Free","South_America","Latin_America_and_the_Caribbean"
1489,"Consumer","Starch, protein, tannins, fiber, and/or fat; Color; Sensory (aroma, taste, appearance, etc.); End-use quality (baking, malting, etc.)","Sorghum","Brazil","Multiple Factor Analysis","R","Rank_choice","statistical inference","Open_Source","Free","South_America","Latin_America_and_the_Caribbean"
1489,"Consumer","Starch, protein, tannins, fiber, and/or fat; Color; Sensory (aroma, taste, appearance, etc.); End-use quality (baking, malting, etc.)","Sorghum","Brazil","Principal Component Analysis","R","Dimension_Reduction","Multivariate_Analysis","Open_Source","Free","South_America","Latin_America_and_the_Caribbean"
1482,"Farmer/grower","Sensory (aroma, taste, appearance, etc.)","Sorghum","South Africa","Chi-Square Analysis","SPSS","Hypothesis_Testing","statistical inference","SPSS","Paid_proprietary","Southern_Africa","Africa"
1411,"Farmer/grower","Color; Sensory (aroma, taste, appearance, etc.); Milling/processing quality","Sorghum","Kenya","ANOVA","SAS","Hypothesis_Testing","statistical inference","SAS","Paid_proprietary","East_Africa","Africa"
1143,"Farmer/grower","Starch, protein, tannins, fiber, and/or fat; Digestibility; Milling/processing quality; End-use quality (baking, malting, etc.); Storability","Sorghum","Ethiopia","ANOVA","MINITAB","Hypothesis_Testing","statistical inference","MINITAB","Paid_proprietary","East_Africa","Africa"
1143,"Farmer/grower","Starch, protein, tannins, fiber, and/or fat; Digestibility; Milling/processing quality; End-use quality (baking, malting, etc.); Storability","Sorghum","Ethiopia","Regression","MINITAB","Regression_Predictive_Modeling","statistical inference","MINITAB","Paid_proprietary","East_Africa","Africa"
1095,"Consumer; Processor/miller; Distribution/retailer/trader; Chef/brewer/home cook","Size and shape; Color; Hardness; Sensory (aroma, taste, appearance, etc.); End-use quality (baking, malting, etc.); Other: Germinative power","Sorghum","Burkina Faso","Chi-Square Analysis","SAS","Hypothesis_Testing","statistical inference","SAS","Paid_proprietary","West_Africa","Africa"
1095,"Consumer; Processor/miller; Distribution/retailer/trader; Chef/brewer/home cook","Size and shape; Color; Hardness; Sensory (aroma, taste, appearance, etc.); End-use quality (baking, malting, etc.); Other: Germinative power","Sorghum","Burkina Faso","Frequency","SAS","Frequency","Descriptive_Statistics","SAS","Paid_proprietary","West_Africa","Africa"
1060,"Farmer/grower","Size and shape; Color; Milling/processing quality; End-use quality (baking, malting, etc.)","Sorghum","Benin","Cluster Analysis","SAS","Classification_clustering","statistical inference","SAS","Paid_proprietary","West_Africa","Africa"
1058,"Chef/brewer/home cook","Size and shape; Color; Hardness; Sensory (aroma, taste, appearance, etc.); End-use quality (baking, malting, etc.)","Sorghum","Burkina Faso","Chi-Square Analysis","Sphinx","Hypothesis_Testing","statistical inference","Sphinx","Paid_proprietary","West_Africa","Africa"
1057,"Farmer/grower","Color; Sensory (aroma, taste, appearance, etc.); Milling/processing quality","Sorghum","Kenya","ANOVA","SAS","Hypothesis_Testing","statistical inference","SAS","Paid_proprietary","East_Africa","Africa"
1045,"Consumer","Size and shape; Starch, protein, tannins, fiber, and/or fat; Color; Hardness; Sensory (aroma, taste, appearance, etc.)","Sorghum","Niger","ANOVA","SAS","Hypothesis_Testing","statistical inference","SAS","Paid_proprietary","West_Africa","Africa"
1045,"Consumer","Size and shape; Starch, protein, tannins, fiber, and/or fat; Color; Hardness; Sensory (aroma, taste, appearance, etc.)","Sorghum","Niger","Regression","SAS","Regression_Predictive_Modeling","statistical inference","SAS","Paid_proprietary","West_Africa","Africa"
1027,"Farmer/grower","Size and shape; Color; Sensory (aroma, taste, appearance, etc.); End-use quality (baking, malting, etc.)","Finger millet","Uganda","Chi-Square Analysis","SPSS","Hypothesis_Testing","statistical inference","SPSS","Paid_proprietary","East_Africa","Africa"
981,"Farmer/grower","Color; Milling/processing quality","Sorghum","Zambia","ANOVA","SPSS","Hypothesis_Testing","statistical inference","SPSS","Paid_proprietary","Southern_Africa","Africa"
973,"Farmer/grower","Size and shape; Sensory (aroma, taste, appearance, etc.); Milling/processing quality; End-use quality (baking, malting, etc.)","Finger millet","Ethiopia","Chi-Square Analysis","R","Hypothesis_Testing","statistical inference","Open_Source","Free","East_Africa","Africa"
973,"Farmer/grower","Size and shape; Sensory (aroma, taste, appearance, etc.); Milling/processing quality; End-use quality (baking, malting, etc.)","Finger millet","Ethiopia","Chi-Square Analysis","SPSS","Hypothesis_Testing","statistical inference","SPSS","Paid_proprietary","East_Africa","Africa"
973,"Farmer/grower","Size and shape; Sensory (aroma, taste, appearance, etc.); Milling/processing quality; End-use quality (baking, malting, etc.)","Finger millet","Ethiopia","Principal Component Analysis","R","Dimension_Reduction","Multivariate_Analysis","Open_Source","Free","East_Africa","Africa"
973,"Farmer/grower","Size and shape; Sensory (aroma, taste, appearance, etc.); Milling/processing quality; End-use quality (baking, malting, etc.)","Finger millet","Ethiopia","Principal Component Analysis","SPSS","Dimension_Reduction","Multivariate_Analysis","SPSS","Paid_proprietary","East_Africa","Africa"
944,"Farmer/grower; Consumer","Size and shape; Sensory (aroma, taste, appearance, etc.); End-use quality (baking, malting, etc.)","Finger millet","Uganda","Chi-Square Analysis","SPSS","Hypothesis_Testing","statistical inference","SPSS","Paid_proprietary","East_Africa","Africa"
944,"Farmer/grower; Consumer","Size and shape; Sensory (aroma, taste, appearance, etc.); End-use quality (baking, malting, etc.)","Finger millet","Uganda","Chi-Square Analysis","Stata","Hypothesis_Testing","statistical inference","Stata","Paid_proprietary","East_Africa","Africa"
944,"Farmer/grower; Consumer","Size and shape; Sensory (aroma, taste, appearance, etc.); End-use quality (baking, malting, etc.)","Finger millet","Uganda","Principal Component Analysis","SPSS","Dimension_Reduction","Multivariate_Analysis","SPSS","Paid_proprietary","East_Africa","Africa"
944,"Farmer/grower; Consumer","Size and shape; Sensory (aroma, taste, appearance, etc.); End-use quality (baking, malting, etc.)","Finger millet","Uganda","Principal Component Analysis","Stata","Dimension_Reduction","Multivariate_Analysis","Stata","Paid_proprietary","East_Africa","Africa"
944,"Farmer/grower; Consumer","Size and shape; Sensory (aroma, taste, appearance, etc.); End-use quality (baking, malting, etc.)","Finger millet","Uganda","t-test","SPSS","Hypothesis_Testing","statistical inference","SPSS","Paid_proprietary","East_Africa","Africa"
944,"Farmer/grower; Consumer","Size and shape; Sensory (aroma, taste, appearance, etc.); End-use quality (baking, malting, etc.)","Finger millet","Uganda","t-test","Stata","Hypothesis_Testing","statistical inference","Stata","Paid_proprietary","East_Africa","Africa"
944,"Farmer/grower; Consumer","Size and shape; Sensory (aroma, taste, appearance, etc.); End-use quality (baking, malting, etc.)","Finger millet","Uganda","Regression","SPSS","Regression_Predictive_Modeling","statistical inference","SPSS","Paid_proprietary","East_Africa","Africa"
944,"Farmer/grower; Consumer","Size and shape; Sensory (aroma, taste, appearance, etc.); End-use quality (baking, malting, etc.)","Finger millet","Uganda","Regression","Stata","Regression_Predictive_Modeling","statistical inference","Stata","Paid_proprietary","East_Africa","Africa"
881,"Farmer/grower","Color; End-use quality (baking, malting, etc.)","Sorghum","Ethiopia","ANOVA","SAS","Hypothesis_Testing","statistical inference","SAS","Paid_proprietary","East_Africa","Africa"
881,"Farmer/grower","Color; End-use quality (baking, malting, etc.)","Sorghum","Ethiopia","ANOVA","GenStat","Hypothesis_Testing","statistical inference","GenStat","Paid_proprietary","East_Africa","Africa"
846,"Farmer/grower","Size and shape; Micronutrients; Color","Pearl millet","Niger","Frequency","SPSS","Frequency","Descriptive_Statistics","SPSS","Paid_proprietary","West_Africa","Africa"
834,"Farmer/grower","Size and shape; Color","Sorghum","Ethiopia","ANOVA","SAS","Hypothesis_Testing","statistical inference","SAS","Paid_proprietary","East_Africa","Africa"
834,"Farmer/grower","Size and shape; Color","Sorghum","Ethiopia","LSD","SAS","Hypothesis_Testing","statistical inference","SAS","Paid_proprietary","East_Africa","Africa"
834,"Farmer/grower","Size and shape; Color","Sorghum","Ethiopia","Pair-wise rankings","SAS","Rank_choice","statistical inference","SAS","Paid_proprietary","East_Africa","Africa"
828,"Farmer/grower","Size and shape; Hardness; Grain morphology (e.g. pericarp thickness)","Sorghum","Burkina Faso","ANOVA","GenStat","Hypothesis_Testing","statistical inference","GenStat","Paid_proprietary","West_Africa","Africa"
828,"Farmer/grower","Size and shape; Hardness; Grain morphology (e.g. pericarp thickness)","Sorghum","Burkina Faso","Regression","GenStat","Regression_Predictive_Modeling","statistical inference","GenStat","Paid_proprietary","West_Africa","Africa"
828,"Farmer/grower","Size and shape; Hardness; Grain morphology (e.g. pericarp thickness)","Sorghum","Burkina Faso","Principal Component Analysis","GenStat","Dimension_Reduction","Multivariate_Analysis","GenStat","Paid_proprietary","West_Africa","Africa"
812,"Consumer","Color; Sensory (aroma, taste, appearance, etc.); End-use quality (baking, malting, etc.)","Pearl millet","Niger","Probit Model","S-PLUS","Regression_Predictive_Modeling","statistical inference","S-PLUS","Paid_proprietary","West_Africa","Africa"
812,"Consumer","Color; Sensory (aroma, taste, appearance, etc.); End-use quality (baking, malting, etc.)","Pearl millet","Niger","Chi-Square Analysis","S-PLUS","Hypothesis_Testing","statistical inference","S-PLUS","Paid_proprietary","West_Africa","Africa"
805,"Farmer/grower","Color; Other: Water-holding capacity","Sorghum","Ethiopia","Pair-wise rankings","SPSS","Rank_choice","statistical inference","SPSS","Paid_proprietary","East_Africa","Africa"
805,"Farmer/grower","Color; Other: Water-holding capacity","Sorghum","Ethiopia","marginal analysis","SPSS","Regression_Predictive_Modeling","statistical inference","SPSS","Paid_proprietary","East_Africa","Africa"
802,"Farmer/grower","Color; Sensory (aroma, taste, appearance, etc.)","Finger millet","Kenya","Kruskal-Wallis Test","SAS","Hypothesis_Testing","statistical inference","SAS","Paid_proprietary","East_Africa","Africa"
802,"Farmer/grower","Color; Sensory (aroma, taste, appearance, etc.)","Finger millet","Kenya","Kruskal-Wallis Test","SPSS","Hypothesis_Testing","statistical inference","SPSS","Paid_proprietary","East_Africa","Africa"
751,"Farmer/grower","Size and shape; Color","Sorghum","Ethiopia","ANOVA","SAS","Hypothesis_Testing","statistical inference","SAS","Paid_proprietary","East_Africa","Africa"
751,"Farmer/grower","Size and shape; Color","Sorghum","Ethiopia","LSD","SAS","Hypothesis_Testing","statistical inference","SAS","Paid_proprietary","East_Africa","Africa"
751,"Farmer/grower","Size and shape; Color","Sorghum","Ethiopia","Pair-wise rankings","SAS","Rank_choice","statistical inference","SAS","Paid_proprietary","East_Africa","Africa"
745,"Consumer","Size and shape; Micronutrients; Color; Sensory (aroma, taste, appearance, etc.)","Foxtail millet; Little millet","India","Logistic Regression","GRETL","Regression_Predictive_Modeling","statistical inference","Open_Source","Free","South_Asia","Asia"
732,"Farmer/grower","Color","Sorghum","Zimbabwe","ANOVA","R","Hypothesis_Testing","statistical inference","Open_Source","Free","Southern_Africa","Africa"
732,"Farmer/grower","Color","Sorghum","Zimbabwe","ANOVA","SPSS","Hypothesis_Testing","statistical inference","SPSS","Paid_proprietary","Southern_Africa","Africa"
732,"Farmer/grower","Color","Sorghum","Zimbabwe","ANOVA","GenStat","Hypothesis_Testing","statistical inference","GenStat","Paid_proprietary","Southern_Africa","Africa"
732,"Farmer/grower","Color","Sorghum","Zimbabwe","Regression","R","Regression_Predictive_Modeling","statistical inference","Open_Source","Free","Southern_Africa","Africa"
732,"Farmer/grower","Color","Sorghum","Zimbabwe","Regression","SPSS","Regression_Predictive_Modeling","statistical inference","SPSS","Paid_proprietary","Southern_Africa","Africa"
732,"Farmer/grower","Color","Sorghum","Zimbabwe","Regression","GenStat","Regression_Predictive_Modeling","statistical inference","GenStat","Paid_proprietary","Southern_Africa","Africa"
724,"Farmer/grower","Size and shape; Color","Sorghum","Senegal","Chi-Square Analysis","SPSS","Hypothesis_Testing","statistical inference","SPSS","Paid_proprietary","West_Africa","Africa"
645,"Farmer/grower","Size and shape; Color; Sensory (aroma, taste, appearance, etc.); End-use quality (baking, malting, etc.)","Sorghum","Ethiopia","Logistic Regression","SPSS","Regression_Predictive_Modeling","statistical inference","SPSS","Paid_proprietary","East_Africa","Africa"
567,"Farmer/grower","Size and shape; End-use quality (baking, malting, etc.)","Sorghum","Ethiopia","ANOVA","SPSS","Hypothesis_Testing","statistical inference","SPSS","Paid_proprietary","East_Africa","Africa"
567,"Farmer/grower","Size and shape; End-use quality (baking, malting, etc.)","Sorghum","Ethiopia","Logistic Regression","SPSS","Regression_Predictive_Modeling","statistical inference","SPSS","Paid_proprietary","East_Africa","Africa"
510,"Farmer/grower","Color; Hardness; Milling/processing quality; End-use quality (baking, malting, etc.)","Sorghum","Burkina Faso","ANOVA","SAS","Hypothesis_Testing","statistical inference","SAS","Paid_proprietary","West_Africa","Africa"
510,"Farmer/grower","Color; Hardness; Milling/processing quality; End-use quality (baking, malting, etc.)","Sorghum","Burkina Faso","ANOVA","GenStat","Hypothesis_Testing","statistical inference","GenStat","Paid_proprietary","West_Africa","Africa"
510,"Farmer/grower","Color; Hardness; Milling/processing quality; End-use quality (baking, malting, etc.)","Sorghum","Burkina Faso","ANOVA","SAS","Hypothesis_Testing","statistical inference","SAS","Paid_proprietary","West_Africa","Africa"
510,"Farmer/grower","Color; Hardness; Milling/processing quality; End-use quality (baking, malting, etc.)","Sorghum","Burkina Faso","ANOVA","GenStat","Hypothesis_Testing","statistical inference","GenStat","Paid_proprietary","West_Africa","Africa"
454,"Farmer/grower","End-use quality (baking, malting, etc.)","Sorghum; Finger millet; Teff","Ethiopia","Kruskal-Wallis Test","SPSS","Hypothesis_Testing","statistical inference","SPSS","Paid_proprietary","East_Africa","Africa"
449,"Farmer/grower","End-use quality (baking, malting, etc.)","Sorghum","Ethiopia","Chi-Square Analysis","SAS","Hypothesis_Testing","statistical inference","SAS","Paid_proprietary","East_Africa","Africa"
449,"Farmer/grower","End-use quality (baking, malting, etc.)","Sorghum","Ethiopia","Chi-Square Analysis","SPSS","Hypothesis_Testing","statistical inference","SPSS","Paid_proprietary","East_Africa","Africa"
449,"Farmer/grower","End-use quality (baking, malting, etc.)","Sorghum","Ethiopia","t-test","SAS","Hypothesis_Testing","statistical inference","SAS","Paid_proprietary","East_Africa","Africa"
449,"Farmer/grower","End-use quality (baking, malting, etc.)","Sorghum","Ethiopia","t-test","SPSS","Hypothesis_Testing","statistical inference","SPSS","Paid_proprietary","East_Africa","Africa"
436,"Farmer/grower",NA,"Sorghum; Teff","Ethiopia","Frequency","SPSS","Frequency","Descriptive_Statistics","SPSS","Paid_proprietary","East_Africa","Africa"
436,"Farmer/grower",NA,"Sorghum; Teff","Ethiopia","Frequency","SPSS","Frequency","Descriptive_Statistics","SPSS","Paid_proprietary","East_Africa","Africa"
436,"Farmer/grower",NA,"Sorghum; Teff","Ethiopia","Chi-Square Analysis","SPSS","Hypothesis_Testing","statistical inference","SPSS","Paid_proprietary","East_Africa","Africa"
436,"Farmer/grower",NA,"Sorghum; Teff","Ethiopia","t-test","SPSS","Hypothesis_Testing","statistical inference","SPSS","Paid_proprietary","East_Africa","Africa"
400,"Farmer/grower","Size and shape; Color; Sensory (aroma, taste, appearance, etc.); End-use quality (baking, malting, etc.)","Sorghum","Nigeria","Frequency","SPSS","Frequency","Descriptive_Statistics","SPSS","Paid_proprietary","West_Africa","Africa"
400,"Farmer/grower","Size and shape; Color; Sensory (aroma, taste, appearance, etc.); End-use quality (baking, malting, etc.)","Sorghum","Nigeria","Chi-Square Analysis","SPSS","Hypothesis_Testing","statistical inference","SPSS","Paid_proprietary","West_Africa","Africa"
356,"Farmer/grower","Size and shape; Starch, protein, tannins, fiber, and/or fat; Micronutrients; Color; Sensory (aroma, taste, appearance, etc.); Milling/processing quality; End-use quality (baking, malting, etc.); Storability","Sorghum","Uganda","Chi-Square Analysis","SPSS","Hypothesis_Testing","statistical inference","SPSS","Paid_proprietary","East_Africa","Africa"
356,"Farmer/grower","Size and shape; Starch, protein, tannins, fiber, and/or fat; Micronutrients; Color; Sensory (aroma, taste, appearance, etc.); Milling/processing quality; End-use quality (baking, malting, etc.); Storability","Sorghum","Uganda","Pair-wise rankings","SPSS","Rank_choice","statistical inference","SPSS","Paid_proprietary","East_Africa","Africa"
356,"Farmer/grower","Size and shape; Starch, protein, tannins, fiber, and/or fat; Micronutrients; Color; Sensory (aroma, taste, appearance, etc.); Milling/processing quality; End-use quality (baking, malting, etc.); Storability","Sorghum","Uganda","Principal Component Analysis","SPSS","Dimension_Reduction","Multivariate_Analysis","SPSS","Paid_proprietary","East_Africa","Africa"
345,"Farmer/grower","Color; Digestibility; Milling/processing quality; End-use quality (baking, malting, etc.); Storability","Fonio","Benin","Pair-wise rankings","SAS","Rank_choice","statistical inference","SAS","Paid_proprietary","West_Africa","Africa"
345,"Farmer/grower","Color; Digestibility; Milling/processing quality; End-use quality (baking, malting, etc.); Storability","Fonio","Benin","Pair-wise rankings","NTSYS","Rank_choice","statistical inference","NTSYS","Paid_proprietary","West_Africa","Africa"
345,"Farmer/grower","Color; Digestibility; Milling/processing quality; End-use quality (baking, malting, etc.); Storability","Fonio","Benin","Cluster Analysis","SAS","Classification_clustering","statistical inference","SAS","Paid_proprietary","West_Africa","Africa"
345,"Farmer/grower","Color; Digestibility; Milling/processing quality; End-use quality (baking, malting, etc.); Storability","Fonio","Benin","Cluster Analysis","NTSYS","Classification_clustering","statistical inference","NTSYS","Paid_proprietary","West_Africa","Africa"
305,"Farmer/grower","Size and shape; Color","Pearl millet","Burkina Faso","Pair-wise rankings","SPSS","Rank_choice","statistical inference","SPSS","Paid_proprietary","West_Africa","Africa"
294,"Farmer/grower","Size and shape; Color; Hardness; Grain morphology (e.g. pericarp thickness); End-use quality (baking, malting, etc.)","Sorghum","Burkina Faso","ANOVA","SAS","Hypothesis_Testing","statistical inference","SAS","Paid_proprietary","West_Africa","Africa"
294,"Farmer/grower","Size and shape; Color; Hardness; Grain morphology (e.g. pericarp thickness); End-use quality (baking, malting, etc.)","Sorghum","Burkina Faso","ANOVA","PLABSTAT","Hypothesis_Testing","statistical inference","Proprietary","Free","West_Africa","Africa"
294,"Farmer/grower","Size and shape; Color; Hardness; Grain morphology (e.g. pericarp thickness); End-use quality (baking, malting, etc.)","Sorghum","Burkina Faso","Logistic Regression","SAS","Regression_Predictive_Modeling","statistical inference","SAS","Paid_proprietary","West_Africa","Africa"
294,"Farmer/grower","Size and shape; Color; Hardness; Grain morphology (e.g. pericarp thickness); End-use quality (baking, malting, etc.)","Sorghum","Burkina Faso","Logistic Regression","PLABSTAT","Regression_Predictive_Modeling","statistical inference","Proprietary","Free","West_Africa","Africa"
294,"Farmer/grower","Size and shape; Color; Hardness; Grain morphology (e.g. pericarp thickness); End-use quality (baking, malting, etc.)","Sorghum","Burkina Faso","Logistic Regression","SAS","Regression_Predictive_Modeling","statistical inference","SAS","Paid_proprietary","West_Africa","Africa"
294,"Farmer/grower","Size and shape; Color; Hardness; Grain morphology (e.g. pericarp thickness); End-use quality (baking, malting, etc.)","Sorghum","Burkina Faso","Logistic Regression","PLABSTAT","Regression_Predictive_Modeling","statistical inference","Proprietary","Free","West_Africa","Africa"
293,"Farmer/grower; Consumer","Size and shape; Color; Sensory (aroma, taste, appearance, etc.); End-use quality (baking, malting, etc.); Storability","Sorghum; Pearl millet","Malawi","Chi-Square Analysis","SPSS","Hypothesis_Testing","statistical inference","SPSS","Paid_proprietary","East_Africa","Africa"
162,"Farmer/grower","Micronutrients","Sorghum","Burkina Faso","Logistic Regression","SAS","Regression_Predictive_Modeling","statistical inference","SAS","Paid_proprietary","West_Africa","Africa"
160,"Farmer/grower; Consumer; Processor/miller","Size and shape; Color; Sensory (aroma, taste, appearance, etc.); Milling/processing quality; End-use quality (baking, malting, etc.); Storability","Sorghum","Uganda","Mann-Whitney Test","SPSS","Hypothesis_Testing","statistical inference","SPSS","Paid_proprietary","East_Africa","Africa"
157,"Consumer; Distribution/retailer/trader","Size and shape; Starch, protein, tannins, fiber, and/or fat; Color; Hardness","Sorghum","India","Correlation Analysis","GenStat","Correlation_Association","statistical inference","GenStat","Paid_proprietary","South_Asia","Asia"
157,"Consumer; Distribution/retailer/trader","Size and shape; Starch, protein, tannins, fiber, and/or fat; Color; Hardness","Sorghum","India","Regression","GenStat","Regression_Predictive_Modeling","statistical inference","GenStat","Paid_proprietary","South_Asia","Asia"
157,"Consumer; Distribution/retailer/trader","Size and shape; Starch, protein, tannins, fiber, and/or fat; Color; Hardness","Sorghum","India","Correlation Analysis","GenStat","Correlation_Association","statistical inference","GenStat","Paid_proprietary","South_Asia","Asia"
101,"Farmer/grower","Color","Finger millet","India","Conjoint Analysis","SPSS","Rank_choice","statistical inference","SPSS","Paid_proprietary","South_Asia","Asia"
4917,"Farmer/grower","Size and shape; Color; Hardness; Grain morphology (e.g. pericarp thickness); Milling/processing quality; End-use quality (baking, malting, etc.)","Sorghum","Benin","Descriptive Statistics","SAS",NA,NA,"SAS","Paid_proprietary","West_Africa","Africa"
4917,"Farmer/grower","Size and shape; Color; Hardness; Grain morphology (e.g. pericarp thickness); Milling/processing quality; End-use quality (baking, malting, etc.)","Sorghum","Benin","quadrant analysis method","SAS",NA,NA,"SAS","Paid_proprietary","West_Africa","Africa"
3326,"Consumer; Chef/brewer/home cook","Micronutrients; Color; Hardness; Sensory (aroma, taste, appearance, etc.); End-use quality (baking, malting, etc.)","Pearl millet","Burkina Faso","rank sum multiple comparison test","Statgraphics",NA,NA,"Statgraphics","Paid_proprietary","West_Africa","Africa"
2729,"Farmer/grower","Sensory (aroma, taste, appearance, etc.)","Sorghum; Fonio","Senegal","Wilcoxon Test","R","Hypothesis_Testing","statistical inference","Open_Source","Free","West_Africa","Africa"
2315,"Farmer/grower","Size and shape; Color; Hardness; Sensory (aroma, taste, appearance, etc.); Milling/processing quality; End-use quality (baking, malting, etc.); Storability","Pearl millet","Nigeria","Data Coding","SPSS",NA,NA,"SPSS","Paid_proprietary","West_Africa","Africa"
1841,"Farmer/grower","Color; Sensory (aroma, taste, appearance, etc.); Storability","Sorghum","Kenya","Descriptive Statistics","SPSS",NA,NA,"SPSS","Paid_proprietary","East_Africa","Africa"
1778,"Consumer; Chef/brewer/home cook","Micronutrients; Sensory (aroma, taste, appearance, etc.); End-use quality (baking, malting, etc.)","Fonio","Mali","Descriptive Statistics","SPSS",NA,NA,"SPSS","Paid_proprietary","West_Africa","Africa"
1778,"Consumer; Chef/brewer/home cook","Micronutrients; Sensory (aroma, taste, appearance, etc.); End-use quality (baking, malting, etc.)","Fonio","Mali","Descriptive Statistics","VBS",NA,NA,"Open_Source","Free","West_Africa","Africa"
1489,"Consumer","Starch, protein, tannins, fiber, and/or fat; Color; Sensory (aroma, taste, appearance, etc.); End-use quality (baking, malting, etc.)","Sorghum","Brazil","Cochran's q","R","Hypothesis_Testing","statistical inference","Open_Source","Free","South_America","Latin_America_and_the_Caribbean"
1489,"Consumer","Starch, protein, tannins, fiber, and/or fat; Color; Sensory (aroma, taste, appearance, etc.); End-use quality (baking, malting, etc.)","Sorghum","Brazil","Pearson Correlation","R","Correlation_Association","statistical inference","Open_Source","Free","South_America","Latin_America_and_the_Caribbean"
1482,"Farmer/grower","Sensory (aroma, taste, appearance, etc.)","Sorghum","South Africa","Cross Tabulation","SPSS","Cross_Tabulation","Descriptive_Statistics","SPSS","Paid_proprietary","Southern_Africa","Africa"
1411,"Farmer/grower","Color; Sensory (aroma, taste, appearance, etc.); Milling/processing quality","Sorghum","Kenya","Least Significant Difference","SAS",NA,NA,"SAS","Paid_proprietary","East_Africa","Africa"
1387,"Farmer/grower","Color","Sorghum","Sierra Leone","Statistical analysis","SPSS",NA,NA,"SPSS","Paid_proprietary","West_Africa","Africa"
1143,"Farmer/grower","Starch, protein, tannins, fiber, and/or fat; Digestibility; Milling/processing quality; End-use quality (baking, malting, etc.); Storability","Sorghum","Ethiopia","Use Value Index","MINITAB",NA,NA,"MINITAB","Paid_proprietary","East_Africa","Africa"
1143,"Farmer/grower","Starch, protein, tannins, fiber, and/or fat; Digestibility; Milling/processing quality; End-use quality (baking, malting, etc.); Storability","Sorghum","Ethiopia","Diversity Index","MINITAB","Hypothesis_Testing","statistical inference","MINITAB","Paid_proprietary","East_Africa","Africa"
1143,"Farmer/grower","Starch, protein, tannins, fiber, and/or fat; Digestibility; Milling/processing quality; End-use quality (baking, malting, etc.); Storability","Sorghum","Ethiopia","Simpson diversity index","MINITAB",NA,NA,"MINITAB","Paid_proprietary","East_Africa","Africa"
1099,"Farmer/grower; Consumer; Chef/brewer/home cook","Size and shape; Color","Pearl millet","Uganda","Descriptive Statistics","SPSS",NA,NA,"SPSS","Paid_proprietary","East_Africa","Africa"
1060,"Farmer/grower","Size and shape; Color; Milling/processing quality; End-use quality (baking, malting, etc.)","Sorghum","Benin","Diversity Index","SAS","Hypothesis_Testing","statistical inference","SAS","Paid_proprietary","West_Africa","Africa"
1060,"Farmer/grower","Size and shape; Color; Milling/processing quality; End-use quality (baking, malting, etc.)","Sorghum","Benin","Descriptive Statistics","SAS",NA,NA,"SAS","Paid_proprietary","West_Africa","Africa"
1060,"Farmer/grower","Size and shape; Color; Milling/processing quality; End-use quality (baking, malting, etc.)","Sorghum","Benin","rate of varietal loss","SAS",NA,NA,"SAS","Paid_proprietary","West_Africa","Africa"
1060,"Farmer/grower","Size and shape; Color; Milling/processing quality; End-use quality (baking, malting, etc.)","Sorghum","Benin","Dendrogram","SAS",NA,NA,"SAS","Paid_proprietary","West_Africa","Africa"
1060,"Farmer/grower","Size and shape; Color; Milling/processing quality; End-use quality (baking, malting, etc.)","Sorghum","Benin","Pearson Correlation","SAS","Correlation_Association","statistical inference","SAS","Paid_proprietary","West_Africa","Africa"
1057,"Farmer/grower","Color; Sensory (aroma, taste, appearance, etc.); Milling/processing quality","Sorghum","Kenya","Mixed Model","SAS","Regression_Predictive_Modeling","statistical inference","SAS","Paid_proprietary","East_Africa","Africa"
1057,"Farmer/grower","Color; Sensory (aroma, taste, appearance, etc.); Milling/processing quality","Sorghum","Kenya","Least Significant Difference","SAS",NA,NA,"SAS","Paid_proprietary","East_Africa","Africa"
1045,"Consumer","Size and shape; Starch, protein, tannins, fiber, and/or fat; Color; Hardness; Sensory (aroma, taste, appearance, etc.)","Sorghum","Niger","Least Significant Difference","SAS",NA,NA,"SAS","Paid_proprietary","West_Africa","Africa"
973,"Farmer/grower","Size and shape; Sensory (aroma, taste, appearance, etc.); Milling/processing quality; End-use quality (baking, malting, etc.)","Finger millet","Ethiopia","Descriptive Statistics","R",NA,NA,"Open_Source","Free","East_Africa","Africa"
973,"Farmer/grower","Size and shape; Sensory (aroma, taste, appearance, etc.); Milling/processing quality; End-use quality (baking, malting, etc.)","Finger millet","Ethiopia","Descriptive Statistics","SPSS",NA,NA,"SPSS","Paid_proprietary","East_Africa","Africa"
973,"Farmer/grower","Size and shape; Sensory (aroma, taste, appearance, etc.); Milling/processing quality; End-use quality (baking, malting, etc.)","Finger millet","Ethiopia","cost-benefit ratios","R","Cost-benefit_ratios","Economic_Analysis","Open_Source","Free","East_Africa","Africa"
973,"Farmer/grower","Size and shape; Sensory (aroma, taste, appearance, etc.); Milling/processing quality; End-use quality (baking, malting, etc.)","Finger millet","Ethiopia","cost-benefit ratios","SPSS","Cost-benefit_ratios","Economic_Analysis","SPSS","Paid_proprietary","East_Africa","Africa"
944,"Farmer/grower; Consumer","Size and shape; Sensory (aroma, taste, appearance, etc.); End-use quality (baking, malting, etc.)","Finger millet","Uganda","Descriptive Statistics","SPSS",NA,NA,"SPSS","Paid_proprietary","East_Africa","Africa"
944,"Farmer/grower; Consumer","Size and shape; Sensory (aroma, taste, appearance, etc.); End-use quality (baking, malting, etc.)","Finger millet","Uganda","Descriptive Statistics","Stata",NA,NA,"Stata","Paid_proprietary","East_Africa","Africa"
881,"Farmer/grower","Color; End-use quality (baking, malting, etc.)","Sorghum","Ethiopia","Stability analysis","SAS","Stability Analysis","Multivariate_Analysis","SAS","Paid_proprietary","East_Africa","Africa"
881,"Farmer/grower","Color; End-use quality (baking, malting, etc.)","Sorghum","Ethiopia","Stability analysis","GenStat","Stability Analysis","Multivariate_Analysis","GenStat","Paid_proprietary","East_Africa","Africa"
867,"Farmer/grower","Size and shape; Color; Sensory (aroma, taste, appearance, etc.); Milling/processing quality; End-use quality (baking, malting, etc.)","Finger millet","Uganda","Descriptive Statistics","SPSS",NA,NA,"SPSS","Paid_proprietary","East_Africa","Africa"
828,"Farmer/grower","Size and shape; Hardness; Grain morphology (e.g. pericarp thickness)","Sorghum","Burkina Faso","restricted maximum likelihood estimation","GenStat",NA,NA,"GenStat","Paid_proprietary","West_Africa","Africa"
828,"Farmer/grower","Size and shape; Hardness; Grain morphology (e.g. pericarp thickness)","Sorghum","Burkina Faso","G x E","GenStat",NA,NA,"GenStat","Paid_proprietary","West_Africa","Africa"
812,"Consumer","Color; Sensory (aroma, taste, appearance, etc.); End-use quality (baking, malting, etc.)","Pearl millet","Niger","Random Utility ","S-PLUS","Regression_Predictive_Modeling","statistical inference","S-PLUS","Paid_proprietary","West_Africa","Africa"
812,"Consumer","Color; Sensory (aroma, taste, appearance, etc.); End-use quality (baking, malting, etc.)","Pearl millet","Niger","categorical classification trees","S-PLUS",NA,NA,"S-PLUS","Paid_proprietary","West_Africa","Africa"
810,"Farmer/grower","Size and shape; Color; Hardness; Sensory (aroma, taste, appearance, etc.); Milling/processing quality; Storability","Sorghum; Pearl millet","Nigeria","Genstat Discovery Edition (individual-location analyses; combined analyses across locations/years where consistent)","GenStat",NA,NA,"GenStat","Paid_proprietary","West_Africa","Africa"
805,"Farmer/grower","Color; Other: Water-holding capacity","Sorghum","Ethiopia","weighted ranking matrix table","SPSS",NA,NA,"SPSS","Paid_proprietary","East_Africa","Africa"
805,"Farmer/grower","Color; Other: Water-holding capacity","Sorghum","Ethiopia","partial budgeting","SPSS","Partial_budgeting","Economic_Analysis","SPSS","Paid_proprietary","East_Africa","Africa"
805,"Farmer/grower","Color; Other: Water-holding capacity","Sorghum","Ethiopia","dominance analysis","SPSS","Rank_choice","statistical inference","SPSS","Paid_proprietary","East_Africa","Africa"
774,"Farmer/grower; Processor/miller","Color; Hardness; Grain morphology (e.g. pericarp thickness); Sensory (aroma, taste, appearance, etc.); Milling/processing quality; End-use quality (baking, malting, etc.)","Sorghum","Mali",NA,"R",NA,NA,"Open_Source","Free","West_Africa","Africa"
774,"Farmer/grower; Processor/miller","Color; Hardness; Grain morphology (e.g. pericarp thickness); Sensory (aroma, taste, appearance, etc.); Milling/processing quality; End-use quality (baking, malting, etc.)","Sorghum","Mali",NA,"SPSS",NA,NA,"SPSS","Paid_proprietary","West_Africa","Africa"
772,"Farmer/grower","Size and shape; Micronutrients; Color","Pearl millet","Ghana","Statistical inferences","SPSS",NA,NA,"SPSS","Paid_proprietary","West_Africa","Africa"
765,"Farmer/grower; Consumer","Size and shape; Color; Sensory (aroma, taste, appearance, etc.); Milling/processing quality; End-use quality (baking, malting, etc.)","Pearl millet","Malawi","Multi locational analysis","SAS",NA,NA,"SAS","Paid_proprietary","East_Africa","Africa"
745,"Consumer","Size and shape; Micronutrients; Color; Sensory (aroma, taste, appearance, etc.)","Foxtail millet; Little millet","India","Descriptive Statistics","GRETL",NA,NA,"Open_Source","Free","South_Asia","Asia"
732,"Farmer/grower","Color","Sorghum","Zimbabwe","G x E","R",NA,NA,"Open_Source","Free","Southern_Africa","Africa"
732,"Farmer/grower","Color","Sorghum","Zimbabwe","G x E","SPSS",NA,NA,"SPSS","Paid_proprietary","Southern_Africa","Africa"
732,"Farmer/grower","Color","Sorghum","Zimbabwe","G x E","GenStat",NA,NA,"GenStat","Paid_proprietary","Southern_Africa","Africa"
724,"Farmer/grower","Size and shape; Color","Sorghum","Senegal","Descriptive Statistics","SPSS",NA,NA,"SPSS","Paid_proprietary","West_Africa","Africa"
645,"Farmer/grower","Size and shape; Color; Sensory (aroma, taste, appearance, etc.); End-use quality (baking, malting, etc.)","Sorghum","Ethiopia","Descriptive Statistics","SPSS",NA,NA,"SPSS","Paid_proprietary","East_Africa","Africa"
645,"Farmer/grower","Size and shape; Color; Sensory (aroma, taste, appearance, etc.); End-use quality (baking, malting, etc.)","Sorghum","Ethiopia","Qualitative/Thematic Analysis","SPSS","Classification_clustering","statistical inference","SPSS","Paid_proprietary","East_Africa","Africa"
645,"Farmer/grower","Size and shape; Color; Sensory (aroma, taste, appearance, etc.); End-use quality (baking, malting, etc.)","Sorghum","Ethiopia","rank-based quotient","SPSS",NA,NA,"SPSS","Paid_proprietary","East_Africa","Africa"
567,"Farmer/grower","Size and shape; End-use quality (baking, malting, etc.)","Sorghum","Ethiopia","Descriptive Statistics","SPSS",NA,NA,"SPSS","Paid_proprietary","East_Africa","Africa"
567,"Farmer/grower","Size and shape; End-use quality (baking, malting, etc.)","Sorghum","Ethiopia","Diversity Index","SPSS","Hypothesis_Testing","statistical inference","SPSS","Paid_proprietary","East_Africa","Africa"
510,"Farmer/grower","Color; Hardness; Milling/processing quality; End-use quality (baking, malting, etc.)","Sorghum","Burkina Faso","year","SAS",NA,NA,"SAS","Paid_proprietary","West_Africa","Africa"
510,"Farmer/grower","Color; Hardness; Milling/processing quality; End-use quality (baking, malting, etc.)","Sorghum","Burkina Faso","year","GenStat",NA,NA,"GenStat","Paid_proprietary","West_Africa","Africa"
510,"Farmer/grower","Color; Hardness; Milling/processing quality; End-use quality (baking, malting, etc.)","Sorghum","Burkina Faso","gender","SAS",NA,NA,"SAS","Paid_proprietary","West_Africa","Africa"
510,"Farmer/grower","Color; Hardness; Milling/processing quality; End-use quality (baking, malting, etc.)","Sorghum","Burkina Faso","gender","GenStat",NA,NA,"GenStat","Paid_proprietary","West_Africa","Africa"
482,"Consumer; Distribution/retailer/trader","Micronutrients","Pearl millet","Nigeria","Qualitative/Thematic Analysis","Stata","Classification_clustering","statistical inference","Stata","Paid_proprietary","West_Africa","Africa"
454,"Farmer/grower","End-use quality (baking, malting, etc.)","Sorghum; Finger millet; Teff","Ethiopia","Descriptive Statistics","SPSS",NA,NA,"SPSS","Paid_proprietary","East_Africa","Africa"
454,"Farmer/grower","End-use quality (baking, malting, etc.)","Sorghum; Finger millet; Teff","Ethiopia","cross-tabulations","SPSS",NA,NA,"SPSS","Paid_proprietary","East_Africa","Africa"
449,"Farmer/grower","End-use quality (baking, malting, etc.)","Sorghum","Ethiopia","Descriptive Statistics","SAS",NA,NA,"SAS","Paid_proprietary","East_Africa","Africa"
449,"Farmer/grower","End-use quality (baking, malting, etc.)","Sorghum","Ethiopia","Descriptive Statistics","SPSS",NA,NA,"SPSS","Paid_proprietary","East_Africa","Africa"
400,"Farmer/grower","Size and shape; Color; Sensory (aroma, taste, appearance, etc.); End-use quality (baking, malting, etc.)","Sorghum","Nigeria","cross-tabulation","SPSS",NA,NA,"SPSS","Paid_proprietary","West_Africa","Africa"
400,"Farmer/grower","Size and shape; Color; Sensory (aroma, taste, appearance, etc.); End-use quality (baking, malting, etc.)","Sorghum","Nigeria","Descriptive Statistics","SPSS",NA,NA,"SPSS","Paid_proprietary","West_Africa","Africa"
400,"Farmer/grower","Size and shape; Color; Sensory (aroma, taste, appearance, etc.); End-use quality (baking, malting, etc.)","Sorghum","Nigeria","Kendall Correlation/Concordance","SPSS","Correlation_Association","statistical inference","SPSS","Paid_proprietary","West_Africa","Africa"
370,"Farmer/grower; Consumer; Processor/miller","Size and shape; Color; Sensory (aroma, taste, appearance, etc.); Milling/processing quality","Fonio","Guinea",NA,"R",NA,NA,"Open_Source","Free","West_Africa","Africa"
345,"Farmer/grower","Color; Digestibility; Milling/processing quality; End-use quality (baking, malting, etc.); Storability","Fonio","Benin","Descriptive Statistics","SAS",NA,NA,"SAS","Paid_proprietary","West_Africa","Africa"
345,"Farmer/grower","Color; Digestibility; Milling/processing quality; End-use quality (baking, malting, etc.); Storability","Fonio","Benin","Descriptive Statistics","NTSYS",NA,NA,"NTSYS","Paid_proprietary","West_Africa","Africa"
345,"Farmer/grower","Color; Digestibility; Milling/processing quality; End-use quality (baking, malting, etc.); Storability","Fonio","Benin","Bernoulli variables","SAS",NA,NA,"SAS","Paid_proprietary","West_Africa","Africa"
345,"Farmer/grower","Color; Digestibility; Milling/processing quality; End-use quality (baking, malting, etc.); Storability","Fonio","Benin","Bernoulli variables","NTSYS",NA,NA,"NTSYS","Paid_proprietary","West_Africa","Africa"
293,"Farmer/grower; Consumer","Size and shape; Color; Sensory (aroma, taste, appearance, etc.); End-use quality (baking, malting, etc.); Storability","Sorghum; Pearl millet","Malawi","Qualitative/Thematic Analysis","SPSS","Classification_clustering","statistical inference","SPSS","Paid_proprietary","East_Africa","Africa"
160,"Farmer/grower; Consumer; Processor/miller","Size and shape; Color; Sensory (aroma, taste, appearance, etc.); Milling/processing quality; End-use quality (baking, malting, etc.); Storability","Sorghum","Uganda","Garrett Ranking Test","SPSS","Rank_choice","statistical inference","SPSS","Paid_proprietary","East_Africa","Africa"
4683,"Consumer","Micronutrients; Color; Sensory (aroma, taste, appearance, etc.)","Sorghum","Sudan","Pivot_Table","Excel/XLSTAT","Pivot_Table","Descriptive_Statistics","Excel_XLSTAT","Paid_proprietary","North_Africa","Africa"
4683,"Consumer","Micronutrients; Color; Sensory (aroma, taste, appearance, etc.)","Sorghum","Sudan","Cluster Analysis","Excel/XLSTAT","Classification_clustering","statistical inference","Excel_XLSTAT","Paid_proprietary","North_Africa","Africa"
4683,"Consumer","Micronutrients; Color; Sensory (aroma, taste, appearance, etc.)","Sorghum","Sudan","Principal Component Analysis","Excel/XLSTAT","Dimension_Reduction","Multivariate_Analysis","Excel_XLSTAT","Paid_proprietary","North_Africa","Africa"
2716,"Consumer","Micronutrients; Color; Hardness; Sensory (aroma, taste, appearance, etc.); End-use quality (baking, malting, etc.)","Sorghum","Sudan","ANOVA","Excel/XLSTAT","Hypothesis_Testing","statistical inference","Excel_XLSTAT","Paid_proprietary","North_Africa","Africa"
2716,"Consumer","Micronutrients; Color; Hardness; Sensory (aroma, taste, appearance, etc.); End-use quality (baking, malting, etc.)","Sorghum","Sudan","Tukey's HSD Test","Excel/XLSTAT","Hypothesis_Testing","statistical inference","Excel_XLSTAT","Paid_proprietary","North_Africa","Africa"
2716,"Consumer","Micronutrients; Color; Hardness; Sensory (aroma, taste, appearance, etc.); End-use quality (baking, malting, etc.)","Sorghum","Sudan","Principal Component Analysis","Excel/XLSTAT","Dimension_Reduction","Multivariate_Analysis","Excel_XLSTAT","Paid_proprietary","North_Africa","Africa"
2716,"Consumer","Micronutrients; Color; Hardness; Sensory (aroma, taste, appearance, etc.); End-use quality (baking, malting, etc.)","Sorghum","Sudan","Cluster Analysis","Excel/XLSTAT","Classification_clustering","statistical inference","Excel_XLSTAT","Paid_proprietary","North_Africa","Africa"
2681,"Consumer","Micronutrients; Color; Sensory (aroma, taste, appearance, etc.); End-use quality (baking, malting, etc.)","Sorghum","Sudan","ANOVA","Excel/XLSTAT","Hypothesis_Testing","statistical inference","Excel_XLSTAT","Paid_proprietary","North_Africa","Africa"
2681,"Consumer","Micronutrients; Color; Sensory (aroma, taste, appearance, etc.); End-use quality (baking, malting, etc.)","Sorghum","Sudan","Tukey's HSD Test","Excel/XLSTAT","Hypothesis_Testing","statistical inference","Excel_XLSTAT","Paid_proprietary","North_Africa","Africa"
2681,"Consumer","Micronutrients; Color; Sensory (aroma, taste, appearance, etc.); End-use quality (baking, malting, etc.)","Sorghum","Sudan","Cluster Analysis","Excel/XLSTAT","Classification_clustering","statistical inference","Excel_XLSTAT","Paid_proprietary","North_Africa","Africa"
2681,"Consumer","Micronutrients; Color; Sensory (aroma, taste, appearance, etc.); End-use quality (baking, malting, etc.)","Sorghum","Sudan","Pair-wise rankings","Excel/XLSTAT","Rank_choice","statistical inference","Excel_XLSTAT","Paid_proprietary","North_Africa","Africa"
2681,"Consumer","Micronutrients; Color; Sensory (aroma, taste, appearance, etc.); End-use quality (baking, malting, etc.)","Sorghum","Sudan","Correspondence Analysis","Excel/XLSTAT","Dimension_Reduction","Multivariate_Analysis","Excel_XLSTAT","Paid_proprietary","North_Africa","Africa"
2681,"Consumer","Micronutrients; Color; Sensory (aroma, taste, appearance, etc.); End-use quality (baking, malting, etc.)","Sorghum","Sudan","Principal Coordinates Analysis","Excel/XLSTAT","Dimension_Reduction","Multivariate_Analysis","Excel_XLSTAT","Paid_proprietary","North_Africa","Africa"
1858,"Farmer/grower","Size and shape; Color; Hardness; End-use quality (baking, malting, etc.); Storability","Sorghum","Ethiopia","Frequency","Not reported","Frequency","Descriptive_Statistics",NA,NA,"East_Africa","Africa"
1665,"Farmer/grower; Consumer; Distribution/retailer/trader","Starch, protein, tannins, fiber, and/or fat; Color; Grain morphology (e.g. pericarp thickness)","Sorghum; Pearl millet","India","Regression","Not reported","Regression_Predictive_Modeling","statistical inference",NA,NA,"South_Asia","Asia"
1627,"Farmer/grower","Sensory (aroma, taste, appearance, etc.); Milling/processing quality","Sorghum","Kenya","ANOVA","Not reported","Hypothesis_Testing","statistical inference",NA,NA,"East_Africa","Africa"
1608,"Farmer/grower","Size and shape; Color","Sorghum","Ethiopia","Frequency","Not reported","Frequency","Descriptive_Statistics",NA,NA,"East_Africa","Africa"
1560,"Farmer/grower; Consumer; Processor/miller; Chef/brewer/home cook","Size and shape; Color; Hardness; Sensory (aroma, taste, appearance, etc.); End-use quality (baking, malting, etc.)","Fonio","Mali","ANOVA","Excel/XLSTAT","Hypothesis_Testing","statistical inference","Excel_XLSTAT","Paid_proprietary","West_Africa","Africa"
1300,"Consumer","Color; Grain morphology (e.g. pericarp thickness); Sensory (aroma, taste, appearance, etc.); End-use quality (baking, malting, etc.); Storability","Sorghum","India","ANOVA","Not reported","Hypothesis_Testing","statistical inference",NA,NA,"South_Asia","Asia"
1249,"Consumer; Chef/brewer/home cook","Color; Sensory (aroma, taste, appearance, etc.); End-use quality (baking, malting, etc.)","Finger millet","India","Conjoint Analysis","Not reported","Rank_choice","statistical inference",NA,NA,"South_Asia","Asia"
1140,"Farmer/grower; Consumer","Color; Sensory (aroma, taste, appearance, etc.); End-use quality (baking, malting, etc.)","Sorghum","Botswana","Mean","Not reported","Mean","Descriptive_Statistics",NA,NA,"Southern_Africa","Africa"
1128,"Farmer/grower; Consumer","Size and shape; Sensory (aroma, taste, appearance, etc.)","Pearl millet","India","Frequency","Not reported","Frequency","Descriptive_Statistics",NA,NA,"South_Asia","Asia"
1060,"Farmer/grower","Size and shape; Color; Milling/processing quality; End-use quality (baking, malting, etc.)","Sorghum","Benin","Cluster Analysis","STATISTICA","Classification_clustering","statistical inference",NA,NA,"West_Africa","Africa"
973,"Farmer/grower","Size and shape; Sensory (aroma, taste, appearance, etc.); Milling/processing quality; End-use quality (baking, malting, etc.)","Finger millet","Ethiopia","Chi-Square Analysis","Excel/XLSTAT","Hypothesis_Testing","statistical inference","Excel_XLSTAT","Paid_proprietary","East_Africa","Africa"
973,"Farmer/grower","Size and shape; Sensory (aroma, taste, appearance, etc.); Milling/processing quality; End-use quality (baking, malting, etc.)","Finger millet","Ethiopia","Principal Component Analysis","Excel/XLSTAT","Dimension_Reduction","Multivariate_Analysis","Excel_XLSTAT","Paid_proprietary","East_Africa","Africa"
972,"Farmer/grower","Color","Pearl millet","Côte d'Ivoire","Kruskal-Wallis Test","Not reported","Hypothesis_Testing","statistical inference",NA,NA,"West_Africa","Africa"
972,"Farmer/grower","Color","Pearl millet","Côte d'Ivoire","ANOVA","Not reported","Hypothesis_Testing","statistical inference",NA,NA,"West_Africa","Africa"
949,"Farmer/grower","Color; End-use quality (baking, malting, etc.)","Finger millet","Kenya","Probit Model","Not reported","Regression_Predictive_Modeling","statistical inference",NA,NA,"East_Africa","Africa"
949,"Farmer/grower","Color; End-use quality (baking, malting, etc.)","Finger millet","Kenya","ANOVA","Not reported","Hypothesis_Testing","statistical inference",NA,NA,"East_Africa","Africa"
949,"Farmer/grower","Color; End-use quality (baking, malting, etc.)","Finger millet","Kenya","Regression","Not reported","Regression_Predictive_Modeling","statistical inference",NA,NA,"East_Africa","Africa"
944,"Farmer/grower; Consumer","Size and shape; Sensory (aroma, taste, appearance, etc.); End-use quality (baking, malting, etc.)","Finger millet","Uganda","Chi-Square Analysis","Excel/XLSTAT","Hypothesis_Testing","statistical inference","Excel_XLSTAT","Paid_proprietary","East_Africa","Africa"
944,"Farmer/grower; Consumer","Size and shape; Sensory (aroma, taste, appearance, etc.); End-use quality (baking, malting, etc.)","Finger millet","Uganda","Principal Component Analysis","Excel/XLSTAT","Dimension_Reduction","Multivariate_Analysis","Excel_XLSTAT","Paid_proprietary","East_Africa","Africa"
944,"Farmer/grower; Consumer","Size and shape; Sensory (aroma, taste, appearance, etc.); End-use quality (baking, malting, etc.)","Finger millet","Uganda","t-test","Excel/XLSTAT","Hypothesis_Testing","statistical inference","Excel_XLSTAT","Paid_proprietary","East_Africa","Africa"
944,"Farmer/grower; Consumer","Size and shape; Sensory (aroma, taste, appearance, etc.); End-use quality (baking, malting, etc.)","Finger millet","Uganda","Regression","Excel/XLSTAT","Regression_Predictive_Modeling","statistical inference","Excel_XLSTAT","Paid_proprietary","East_Africa","Africa"
932,"Farmer/grower; Consumer","Color; Sensory (aroma, taste, appearance, etc.); End-use quality (baking, malting, etc.)","Sorghum","India","Regression","Not reported","Regression_Predictive_Modeling","statistical inference",NA,NA,"South_Asia","Asia"
932,"Farmer/grower; Consumer","Color; Sensory (aroma, taste, appearance, etc.); End-use quality (baking, malting, etc.)","Sorghum","India","F-test","Not reported","Hypothesis_Testing","statistical inference",NA,NA,"South_Asia","Asia"
909,"Farmer/grower; Consumer","Size and shape; Micronutrients; Color","Pearl millet","India","Regression","Not reported","Regression_Predictive_Modeling","statistical inference",NA,NA,"South_Asia","Asia"
909,"Farmer/grower; Consumer","Size and shape; Micronutrients; Color","Pearl millet","India","t-test","Not reported","Hypothesis_Testing","statistical inference",NA,NA,"South_Asia","Asia"
909,"Farmer/grower; Consumer","Size and shape; Micronutrients; Color","Pearl millet","India","Tukey's HSD Test","Not reported","Hypothesis_Testing","statistical inference",NA,NA,"South_Asia","Asia"
850,"Farmer/grower","Size and shape; Color","Sorghum","Nicaragua","Newman-Keuls","Excel/XLSTAT","Hypothesis_Testing","statistical inference","Excel_XLSTAT","Paid_proprietary","Central_America","Latin_America_and_the_Caribbean"
840,"Consumer; Processor/miller; Chef/brewer/home cook","Size and shape; Color; Sensory (aroma, taste, appearance, etc.); End-use quality (baking, malting, etc.)","Sorghum; Finger millet","Uganda","ANOVA","Excel/XLSTAT","Hypothesis_Testing","statistical inference","Excel_XLSTAT","Paid_proprietary","East_Africa","Africa"
840,"Consumer; Processor/miller; Chef/brewer/home cook","Size and shape; Color; Sensory (aroma, taste, appearance, etc.); End-use quality (baking, malting, etc.)","Sorghum; Finger millet","Uganda","Tukey's HSD Test","Excel/XLSTAT","Hypothesis_Testing","statistical inference","Excel_XLSTAT","Paid_proprietary","East_Africa","Africa"
840,"Consumer; Processor/miller; Chef/brewer/home cook","Size and shape; Color; Sensory (aroma, taste, appearance, etc.); End-use quality (baking, malting, etc.)","Sorghum; Finger millet","Uganda","Principal Component Analysis","Excel/XLSTAT","Dimension_Reduction","Multivariate_Analysis","Excel_XLSTAT","Paid_proprietary","East_Africa","Africa"
829,"Farmer/grower; Consumer","Size and shape; Color; Sensory (aroma, taste, appearance, etc.)","Pearl millet","Democratic Republic of the Congo","ANOVA","Not reported","Hypothesis_Testing","statistical inference",NA,NA,"Central_Africa","Africa"
791,"Farmer/grower","Digestibility; Milling/processing quality; End-use quality (baking, malting, etc.)","Sorghum","Ethiopia","Correlation Analysis","Excel/XLSTAT","Correlation_Association","statistical inference","Excel_XLSTAT","Paid_proprietary","East_Africa","Africa"
791,"Farmer/grower","Digestibility; Milling/processing quality; End-use quality (baking, malting, etc.)","Sorghum","Ethiopia","t-test","Excel/XLSTAT","Hypothesis_Testing","statistical inference","Excel_XLSTAT","Paid_proprietary","East_Africa","Africa"
791,"Farmer/grower","Digestibility; Milling/processing quality; End-use quality (baking, malting, etc.)","Sorghum","Ethiopia","Regression","Excel/XLSTAT","Regression_Predictive_Modeling","statistical inference","Excel_XLSTAT","Paid_proprietary","East_Africa","Africa"
785,"Farmer/grower; Consumer","Micronutrients; Color","Pearl millet","India","t-test","Not reported","Hypothesis_Testing","statistical inference",NA,NA,"South_Asia","Asia"
773,"Consumer; Chef/brewer/home cook","Size and shape; Color; Sensory (aroma, taste, appearance, etc.)","Sorghum","Uganda","Logistic Regression","Ngene","Regression_Predictive_Modeling","statistical inference",NA,NA,"East_Africa","Africa"
748,"Farmer/grower","Size and shape; Starch, protein, tannins, fiber, and/or fat; Color; Hardness; Sensory (aroma, taste, appearance, etc.); Milling/processing quality; End-use quality (baking, malting, etc.)","Sorghum","Malawi","ANOVA","Not reported","Hypothesis_Testing","statistical inference",NA,NA,"East_Africa","Africa"
641,"Consumer","Color; Sensory (aroma, taste, appearance, etc.); End-use quality (baking, malting, etc.)","Sorghum","Brazil","ANOVA","Excel/XLSTAT","Hypothesis_Testing","statistical inference","Excel_XLSTAT","Paid_proprietary","South_America","Latin_America_and_the_Caribbean"
641,"Consumer","Color; Sensory (aroma, taste, appearance, etc.); End-use quality (baking, malting, etc.)","Sorghum","Brazil","Cluster Analysis","Excel/XLSTAT","Classification_clustering","statistical inference","Excel_XLSTAT","Paid_proprietary","South_America","Latin_America_and_the_Caribbean"
641,"Consumer","Color; Sensory (aroma, taste, appearance, etc.); End-use quality (baking, malting, etc.)","Sorghum","Brazil","t-test","Excel/XLSTAT","Hypothesis_Testing","statistical inference","Excel_XLSTAT","Paid_proprietary","South_America","Latin_America_and_the_Caribbean"
641,"Consumer","Color; Sensory (aroma, taste, appearance, etc.); End-use quality (baking, malting, etc.)","Sorghum","Brazil","Chi-Square Analysis","Excel/XLSTAT","Hypothesis_Testing","statistical inference","Excel_XLSTAT","Paid_proprietary","South_America","Latin_America_and_the_Caribbean"
495,"Other: Extension agents","Sensory (aroma, taste, appearance, etc.); Storability","Sorghum","Ghana","Correlation Analysis","Not reported","Correlation_Association","statistical inference",NA,NA,"West_Africa","Africa"
404,"Farmer/grower","Size and shape; Color; Grain morphology (e.g. pericarp thickness); Sensory (aroma, taste, appearance, etc.); Milling/processing quality; End-use quality (baking, malting, etc.)","Sorghum","Ethiopia","ANOVA","Not reported","Hypothesis_Testing","statistical inference",NA,NA,"East_Africa","Africa"
356,"Farmer/grower","Size and shape; Starch, protein, tannins, fiber, and/or fat; Micronutrients; Color; Sensory (aroma, taste, appearance, etc.); Milling/processing quality; End-use quality (baking, malting, etc.); Storability","Sorghum","Uganda","Chi-Square Analysis","Excel/XLSTAT","Hypothesis_Testing","statistical inference","Excel_XLSTAT","Paid_proprietary","East_Africa","Africa"
356,"Farmer/grower","Size and shape; Starch, protein, tannins, fiber, and/or fat; Micronutrients; Color; Sensory (aroma, taste, appearance, etc.); Milling/processing quality; End-use quality (baking, malting, etc.); Storability","Sorghum","Uganda","Pair-wise rankings","Excel/XLSTAT","Rank_choice","statistical inference","Excel_XLSTAT","Paid_proprietary","East_Africa","Africa"
356,"Farmer/grower","Size and shape; Starch, protein, tannins, fiber, and/or fat; Micronutrients; Color; Sensory (aroma, taste, appearance, etc.); Milling/processing quality; End-use quality (baking, malting, etc.); Storability","Sorghum","Uganda","Principal Component Analysis","Excel/XLSTAT","Dimension_Reduction","Multivariate_Analysis","Excel_XLSTAT","Paid_proprietary","East_Africa","Africa"
321,"Farmer/grower","Milling/processing quality; End-use quality (baking, malting, etc.)","Sorghum","Nicaragua","Spearman Correlation","Excel/XLSTAT","Correlation_Association","statistical inference","Excel_XLSTAT","Paid_proprietary","Central_America","Latin_America_and_the_Caribbean"
321,"Farmer/grower","Milling/processing quality; End-use quality (baking, malting, etc.)","Sorghum","Nicaragua","Chi-Square Analysis","Excel/XLSTAT","Hypothesis_Testing","statistical inference","Excel_XLSTAT","Paid_proprietary","Central_America","Latin_America_and_the_Caribbean"
321,"Farmer/grower","Milling/processing quality; End-use quality (baking, malting, etc.)","Sorghum","Nicaragua","ANOVA","Excel/XLSTAT","Hypothesis_Testing","statistical inference","Excel_XLSTAT","Paid_proprietary","Central_America","Latin_America_and_the_Caribbean"
303,"Farmer/grower; Consumer; Processor/miller; Distribution/retailer/trader","Other: Sugar","Finger millet","Nepal","Logistic Regression","Not reported","Regression_Predictive_Modeling","statistical inference",NA,NA,"South_Asia","Asia"
303,"Farmer/grower; Consumer; Processor/miller; Distribution/retailer/trader","Other: Sugar","Finger millet","Nepal","Logistic Regression","Not reported","Regression_Predictive_Modeling","statistical inference",NA,NA,"South_Asia","Asia"
300,"Farmer/grower; Chef/brewer/home cook","Size and shape; Color","Pearl millet","Niger","Chi-Square Analysis","Not reported","Hypothesis_Testing","statistical inference",NA,NA,"West_Africa","Africa"
300,"Farmer/grower; Chef/brewer/home cook","Size and shape; Color","Pearl millet","Niger","Logistic Regression","Not reported","Regression_Predictive_Modeling","statistical inference",NA,NA,"West_Africa","Africa"
300,"Farmer/grower; Chef/brewer/home cook","Size and shape; Color","Pearl millet","Niger","t-test","Not reported","Hypothesis_Testing","statistical inference",NA,NA,"West_Africa","Africa"
293,"Farmer/grower; Consumer","Size and shape; Color; Sensory (aroma, taste, appearance, etc.); End-use quality (baking, malting, etc.); Storability","Sorghum; Pearl millet","Malawi","Chi-Square Analysis","Excel/XLSTAT","Hypothesis_Testing","statistical inference","Excel_XLSTAT","Paid_proprietary","East_Africa","Africa"
245,"Farmer/grower","Sensory (aroma, taste, appearance, etc.); End-use quality (baking, malting, etc.)","Sorghum","Kenya","Regression","Not reported","Regression_Predictive_Modeling","statistical inference",NA,NA,"East_Africa","Africa"
245,"Farmer/grower","Sensory (aroma, taste, appearance, etc.); End-use quality (baking, malting, etc.)","Sorghum","Kenya","Wald Test","Not reported","Hypothesis_Testing","statistical inference",NA,NA,"East_Africa","Africa"
168,"Farmer/grower","Size and shape; Color","Sorghum; Pearl millet","India","Conjoint Analysis","Not reported","Rank_choice","statistical inference",NA,NA,"South_Asia","Asia"
168,"Farmer/grower","Size and shape; Color","Sorghum; Pearl millet","India","Logistic Regression","Not reported","Regression_Predictive_Modeling","statistical inference",NA,NA,"South_Asia","Asia"
4683,"Consumer","Micronutrients; Color; Sensory (aroma, taste, appearance, etc.)","Sorghum","Sudan","internal preference mapping","Excel/XLSTAT",NA,NA,"Excel_XLSTAT","Paid_proprietary","North_Africa","Africa"
4683,"Consumer","Micronutrients; Color; Sensory (aroma, taste, appearance, etc.)","Sorghum","Sudan","PLSR","Excel/XLSTAT",NA,NA,"Excel_XLSTAT","Paid_proprietary","North_Africa","Africa"
4247,"Farmer/grower; Consumer; Chef/brewer/home cook; Other: Service providers","Size and shape; Color; End-use quality (baking, malting, etc.)","Finger millet","Nepal",NA,"Not reported",NA,NA,NA,NA,"South_Asia","Asia"
3920,"Farmer/grower","Color; Grain morphology (e.g. pericarp thickness); Milling/processing quality; End-use quality (baking, malting, etc.); Storability","Sorghum","Zimbabwe","Matrix ranking","Not reported",NA,NA,NA,NA,"Southern_Africa","Africa"
3537,"Consumer; Chef/brewer/home cook","Color; Grain morphology (e.g. pericarp thickness); Milling/processing quality","Sorghum","Mali",NA,"Not reported",NA,NA,NA,NA,"West_Africa","Africa"
3018,"Farmer/grower","Size and shape; Starch, protein, tannins, fiber, and/or fat; Color; Milling/processing quality; End-use quality (baking, malting, etc.)","Sorghum","Ethiopia","Descriptive Statistics","Not reported",NA,NA,NA,NA,"East_Africa","Africa"
3018,"Farmer/grower","Size and shape; Starch, protein, tannins, fiber, and/or fat; Color; Milling/processing quality; End-use quality (baking, malting, etc.)","Sorghum","Ethiopia","Rank index","Not reported","Rank_Index","Descriptive_Statistics",NA,NA,"East_Africa","Africa"
3018,"Farmer/grower","Size and shape; Starch, protein, tannins, fiber, and/or fat; Color; Milling/processing quality; End-use quality (baking, malting, etc.)","Sorghum","Ethiopia","Tobit model","Not reported","Regression_Predictive_Modeling","statistical inference",NA,NA,"East_Africa","Africa"
2681,"Consumer","Micronutrients; Color; Sensory (aroma, taste, appearance, etc.); End-use quality (baking, malting, etc.)","Sorghum","Sudan","Check-all-that-apply","Excel/XLSTAT",NA,NA,"Excel_XLSTAT","Paid_proprietary","North_Africa","Africa"
2681,"Consumer","Micronutrients; Color; Sensory (aroma, taste, appearance, etc.); End-use quality (baking, malting, etc.)","Sorghum","Sudan","Check-all-that-apply","Excel/XLSTAT",NA,NA,"Excel_XLSTAT","Paid_proprietary","North_Africa","Africa"
2681,"Consumer","Micronutrients; Color; Sensory (aroma, taste, appearance, etc.); End-use quality (baking, malting, etc.)","Sorghum","Sudan","Penalty lift analysis","Excel/XLSTAT",NA,NA,"Excel_XLSTAT","Paid_proprietary","North_Africa","Africa"
2273,"Farmer/grower","Size and shape; Color; Sensory (aroma, taste, appearance, etc.)","Pearl millet","Nigeria",NA,"Not reported",NA,NA,NA,NA,"West_Africa","Africa"
2251,"Farmer/grower; Consumer","Micronutrients; Color","Pearl millet","India","latent class model","Not reported",NA,NA,NA,NA,"South_Asia","Asia"
2251,"Farmer/grower; Consumer","Micronutrients; Color","Pearl millet","India","orthogonalization","Not reported",NA,NA,NA,NA,"South_Asia","Asia"
2249,"Farmer/grower","Color; Sensory (aroma, taste, appearance, etc.); End-use quality (baking, malting, etc.)","Finger millet","Uganda",NA,"Not reported",NA,NA,NA,NA,"East_Africa","Africa"
2202,"Farmer/grower","Size and shape; Color; Sensory (aroma, taste, appearance, etc.); End-use quality (baking, malting, etc.); Storability","Sorghum","India",NA,"Not reported",NA,NA,NA,NA,"South_Asia","Asia"
1956,"Farmer/grower","Size and shape; Color; Grain morphology (e.g. pericarp thickness); Sensory (aroma, taste, appearance, etc.); Storability","Sorghum","Chad",NA,"Not reported",NA,NA,NA,NA,"Central_Africa","Africa"
1677,"Farmer/grower","Color","Sorghum","Eritrea","tables","Excel/XLSTAT",NA,NA,"Excel_XLSTAT","Paid_proprietary","East_Africa","Africa"
1677,"Farmer/grower","Color","Sorghum","Eritrea","tables","Excel/XLSTAT",NA,NA,"Excel_XLSTAT","Paid_proprietary","East_Africa","Africa"
1677,"Farmer/grower","Color","Sorghum","Eritrea","charts and graphs","Excel/XLSTAT",NA,NA,"Excel_XLSTAT","Paid_proprietary","East_Africa","Africa"
1677,"Farmer/grower","Color","Sorghum","Eritrea","charts and graphs","Excel/XLSTAT",NA,NA,"Excel_XLSTAT","Paid_proprietary","East_Africa","Africa"
1627,"Farmer/grower","Sensory (aroma, taste, appearance, etc.); Milling/processing quality","Sorghum","Kenya","Least Significant Difference","Not reported",NA,NA,NA,NA,"East_Africa","Africa"
1300,"Consumer","Color; Grain morphology (e.g. pericarp thickness); Sensory (aroma, taste, appearance, etc.); End-use quality (baking, malting, etc.); Storability","Sorghum","India","CD) was used to test varietal and treatment effects.","Not reported",NA,NA,NA,NA,"South_Asia","Asia"
1267,"Farmer/grower","Size and shape; Color","Sorghum","Ethiopia","Descriptive Statistics","Not reported",NA,NA,NA,NA,"East_Africa","Africa"
1267,"Farmer/grower","Size and shape; Color","Sorghum","Ethiopia","independent sample T- test","Not reported",NA,NA,NA,NA,"East_Africa","Africa"
1249,"Consumer; Chef/brewer/home cook","Color; Sensory (aroma, taste, appearance, etc.); End-use quality (baking, malting, etc.)","Finger millet","India","Pearson Correlation","Not reported","Correlation_Association","statistical inference",NA,NA,"South_Asia","Asia"
1242,"Consumer; Chef/brewer/home cook","Color; Sensory (aroma, taste, appearance, etc.); End-use quality (baking, malting, etc.)","Sorghum","Benin","Descriptive Statistics","Excel/XLSTAT",NA,NA,"Excel_XLSTAT","Paid_proprietary","West_Africa","Africa"
1163,"Consumer; Processor/miller; Chef/brewer/home cook","Grain morphology (e.g. pericarp thickness); Sensory (aroma, taste, appearance, etc.); Milling/processing quality; End-use quality (baking, malting, etc.); Storability","Sorghum","Mali","Descriptive Statistics","Not reported",NA,NA,NA,NA,"West_Africa","Africa"
1163,"Consumer; Processor/miller; Chef/brewer/home cook","Grain morphology (e.g. pericarp thickness); Sensory (aroma, taste, appearance, etc.); Milling/processing quality; End-use quality (baking, malting, etc.); Storability","Sorghum","Mali","Kendall Correlation/Concordance","Not reported","Correlation_Association","statistical inference",NA,NA,"West_Africa","Africa"
1142,"Farmer/grower; Consumer; Chef/brewer/home cook","Color; Sensory (aroma, taste, appearance, etc.); Milling/processing quality; End-use quality (baking, malting, etc.); Storability","Sorghum","Nigeria",NA,"Not reported",NA,NA,NA,NA,"West_Africa","Africa"
1128,"Farmer/grower; Consumer","Size and shape; Sensory (aroma, taste, appearance, etc.)","Pearl millet","India","Tobit model","Not reported","Regression_Predictive_Modeling","statistical inference",NA,NA,"South_Asia","Asia"
1086,"Consumer","Size and shape; Starch, protein, tannins, fiber, and/or fat; Color; Grain morphology (e.g. pericarp thickness); Milling/processing quality","Sorghum","India",NA,"Not reported",NA,NA,NA,NA,"South_Asia","Asia"
1060,"Farmer/grower","Size and shape; Color; Milling/processing quality; End-use quality (baking, malting, etc.)","Sorghum","Benin","Diversity Index","STATISTICA","Hypothesis_Testing","statistical inference",NA,NA,"West_Africa","Africa"
1060,"Farmer/grower","Size and shape; Color; Milling/processing quality; End-use quality (baking, malting, etc.)","Sorghum","Benin","Descriptive Statistics","STATISTICA",NA,NA,NA,NA,"West_Africa","Africa"
1060,"Farmer/grower","Size and shape; Color; Milling/processing quality; End-use quality (baking, malting, etc.)","Sorghum","Benin","rate of varietal loss","STATISTICA",NA,NA,NA,NA,"West_Africa","Africa"
1060,"Farmer/grower","Size and shape; Color; Milling/processing quality; End-use quality (baking, malting, etc.)","Sorghum","Benin","Dendrogram","STATISTICA",NA,NA,NA,NA,"West_Africa","Africa"
1060,"Farmer/grower","Size and shape; Color; Milling/processing quality; End-use quality (baking, malting, etc.)","Sorghum","Benin","Pearson Correlation","STATISTICA","Correlation_Association","statistical inference",NA,NA,"West_Africa","Africa"
973,"Farmer/grower","Size and shape; Sensory (aroma, taste, appearance, etc.); Milling/processing quality; End-use quality (baking, malting, etc.)","Finger millet","Ethiopia","Descriptive Statistics","Excel/XLSTAT",NA,NA,"Excel_XLSTAT","Paid_proprietary","East_Africa","Africa"
973,"Farmer/grower","Size and shape; Sensory (aroma, taste, appearance, etc.); Milling/processing quality; End-use quality (baking, malting, etc.)","Finger millet","Ethiopia","cost-benefit ratios","Excel/XLSTAT","Cost-benefit_ratios","Economic_Analysis","Excel_XLSTAT","Paid_proprietary","East_Africa","Africa"
972,"Farmer/grower","Color","Pearl millet","Côte d'Ivoire","Pearson Correlation","Not reported","Correlation_Association","statistical inference",NA,NA,"West_Africa","Africa"
949,"Farmer/grower","Color; End-use quality (baking, malting, etc.)","Finger millet","Kenya","Descriptive Statistics","Not reported",NA,NA,NA,NA,"East_Africa","Africa"
944,"Farmer/grower; Consumer","Size and shape; Sensory (aroma, taste, appearance, etc.); End-use quality (baking, malting, etc.)","Finger millet","Uganda","Descriptive Statistics","Excel/XLSTAT",NA,NA,"Excel_XLSTAT","Paid_proprietary","East_Africa","Africa"
934,"Farmer/grower","Color; Sensory (aroma, taste, appearance, etc.); End-use quality (baking, malting, etc.)","Sorghum","Ghana","Descriptive Statistics","Not reported",NA,NA,NA,NA,"West_Africa","Africa"
918,"Farmer/grower; Processor/miller; Chef/brewer/home cook","Color; Hardness; Grain morphology (e.g. pericarp thickness); Milling/processing quality; Storability","Sorghum","Mali","Qualitative/Thematic Analysis","Excel/XLSTAT","Classification_clustering","statistical inference","Excel_XLSTAT","Paid_proprietary","West_Africa","Africa"
918,"Farmer/grower; Processor/miller; Chef/brewer/home cook","Color; Hardness; Grain morphology (e.g. pericarp thickness); Milling/processing quality; Storability","Sorghum","Mali","Qualitative/Thematic Analysis","QDA/MaxQDA","Classification_clustering","statistical inference","QDA_MaxQDA","Paid_proprietary","West_Africa","Africa"
918,"Farmer/grower; Processor/miller; Chef/brewer/home cook","Color; Hardness; Grain morphology (e.g. pericarp thickness); Milling/processing quality; Storability","Sorghum","Mali","Descriptive Statistics","Excel/XLSTAT",NA,NA,"Excel_XLSTAT","Paid_proprietary","West_Africa","Africa"
918,"Farmer/grower; Processor/miller; Chef/brewer/home cook","Color; Hardness; Grain morphology (e.g. pericarp thickness); Milling/processing quality; Storability","Sorghum","Mali","Descriptive Statistics","QDA/MaxQDA",NA,NA,"QDA_MaxQDA","Paid_proprietary","West_Africa","Africa"
918,"Farmer/grower; Processor/miller; Chef/brewer/home cook","Color; Hardness; Grain morphology (e.g. pericarp thickness); Milling/processing quality; Storability","Sorghum","Mali","Qualitative/Thematic Analysis","Excel/XLSTAT","Classification_clustering","statistical inference","Excel_XLSTAT","Paid_proprietary","West_Africa","Africa"
918,"Farmer/grower; Processor/miller; Chef/brewer/home cook","Color; Hardness; Grain morphology (e.g. pericarp thickness); Milling/processing quality; Storability","Sorghum","Mali","Qualitative/Thematic Analysis","QDA/MaxQDA","Classification_clustering","statistical inference","QDA_MaxQDA","Paid_proprietary","West_Africa","Africa"
912,"Farmer/grower; Consumer; Processor/miller; Distribution/retailer/trader; Chef/brewer/home cook","Size and shape; Starch, protein, tannins, fiber, and/or fat; Color; Sensory (aroma, taste, appearance, etc.); Milling/processing quality; Storability","Pearl millet","India","Garrett Ranking Test","Not reported","Rank_choice","statistical inference",NA,NA,"South_Asia","Asia"
885,"Farmer/grower","Color; Sensory (aroma, taste, appearance, etc.); Milling/processing quality; Storability","Finger millet","Zambia","Based on relative ranking between varieties","Not reported",NA,NA,NA,NA,"Southern_Africa","Africa"
850,"Farmer/grower","Size and shape; Color","Sorghum","Nicaragua","Ward's method","Excel/XLSTAT",NA,NA,"Excel_XLSTAT","Paid_proprietary","Central_America","Latin_America_and_the_Caribbean"
821,"Consumer; Processor/miller","Size and shape; Color; Hardness; Grain morphology (e.g. pericarp thickness); Milling/processing quality","Sorghum","Australia",NA,"Not reported",NA,NA,NA,NA,"Australia_and_New_Zealand","Oceania"
820,"Farmer/grower; Distribution/retailer/trader; Other: extension/agricultural officers and seed companies","Color; Sensory (aroma, taste, appearance, etc.); Milling/processing quality; End-use quality (baking, malting, etc.)","Pearl millet","India","Cross-Validation","Not reported","Model_Evaluation","statistical inference",NA,NA,"South_Asia","Asia"
799,"Farmer/grower","Size and shape; Color; Sensory (aroma, taste, appearance, etc.); Milling/processing quality; End-use quality (baking, malting, etc.)","Pearl millet","Namibia",NA,"Not reported",NA,NA,NA,NA,"Southern_Africa","Africa"
785,"Farmer/grower; Consumer","Micronutrients; Color","Pearl millet","India","Latent Class Model","Not reported","Classification_clustering","statistical inference",NA,NA,"South_Asia","Asia"
771,"Farmer/grower","Size and shape; Color","Sorghum; Pearl millet","Zimbabwe","Stability analysis","Not reported","Stability Analysis","Multivariate_Analysis",NA,NA,"Southern_Africa","Africa"
747,"Farmer/grower","Size and shape; Color; Hardness; Sensory (aroma, taste, appearance, etc.); Milling/processing quality; Storability","Finger millet; Little millet; Kodo millet; Barnyard millet","India","Weighted scores for farmer preferences","Not reported",NA,NA,NA,NA,"South_Asia","Asia"
658,"Farmer/grower","Size and shape","Pearl millet","India","AMMI Analysis","Not reported",NA,NA,NA,NA,"South_Asia","Asia"
641,"Consumer","Color; Sensory (aroma, taste, appearance, etc.); End-use quality (baking, malting, etc.)","Sorghum","Brazil","Cochran's q","Excel/XLSTAT","Hypothesis_Testing","statistical inference","Excel_XLSTAT","Paid_proprietary","South_America","Latin_America_and_the_Caribbean"
641,"Consumer","Color; Sensory (aroma, taste, appearance, etc.); End-use quality (baking, malting, etc.)","Sorghum","Brazil","Cochran's q","Excel/XLSTAT","Hypothesis_Testing","statistical inference","Excel_XLSTAT","Paid_proprietary","South_America","Latin_America_and_the_Caribbean"
482,"Consumer; Distribution/retailer/trader","Micronutrients","Pearl millet","Nigeria","Qualitative/Thematic Analysis","Excel/XLSTAT","Classification_clustering","statistical inference","Excel_XLSTAT","Paid_proprietary","West_Africa","Africa"
474,"Farmer/grower","Size and shape; Color; Hardness; Grain morphology (e.g. pericarp thickness)","Sorghum","Burkina Faso",NA,"Not reported",NA,NA,NA,NA,"West_Africa","Africa"
370,"Farmer/grower; Consumer; Processor/miller","Size and shape; Color; Sensory (aroma, taste, appearance, etc.); Milling/processing quality","Fonio","Guinea",NA,"Excel/XLSTAT",NA,NA,"Excel_XLSTAT","Paid_proprietary","West_Africa","Africa"
303,"Farmer/grower; Consumer; Processor/miller; Distribution/retailer/trader","Other: Sugar","Finger millet","Nepal","Random Utility ","Not reported","Regression_Predictive_Modeling","statistical inference",NA,NA,"South_Asia","Asia"
303,"Farmer/grower; Consumer; Processor/miller; Distribution/retailer/trader","Other: Sugar","Finger millet","Nepal","latent class model","Not reported",NA,NA,NA,NA,"South_Asia","Asia"
303,"Farmer/grower; Consumer; Processor/miller; Distribution/retailer/trader","Other: Sugar","Finger millet","Nepal","Descriptive Statistics","Not reported",NA,NA,NA,NA,"South_Asia","Asia"
300,"Farmer/grower; Chef/brewer/home cook","Size and shape; Color","Pearl millet","Niger","Deviations Ratio","Not reported","Deviations_ratio","Descriptive_Statistics",NA,NA,"West_Africa","Africa"
293,"Farmer/grower; Consumer","Size and shape; Color; Sensory (aroma, taste, appearance, etc.); End-use quality (baking, malting, etc.); Storability","Sorghum; Pearl millet","Malawi","Qualitative/Thematic Analysis","Excel/XLSTAT","Classification_clustering","statistical inference","Excel_XLSTAT","Paid_proprietary","East_Africa","Africa"
1094,"Farmer/grower; Distribution/retailer/trader","Color","Sorghum","Tanzania, also Kenya, Burundi, Rwanda, and Uganda","Logistic Regression","SPSS","Regression_Predictive_Modeling","statistical inference","SPSS","Paid_proprietary",NA,NA
1094,"Farmer/grower; Distribution/retailer/trader","Color","Sorghum","Tanzania, also Kenya, Burundi, Rwanda, and Uganda","Logistic Regression","Stata","Regression_Predictive_Modeling","statistical inference","Stata","Paid_proprietary",NA,NA
896,"Farmer/grower","Color","Sorghum","Tanzania","Logistic Regression","SAS","Regression_Predictive_Modeling","statistical inference","SAS","Paid_proprietary",NA,NA
150,"Farmer/grower","Size and shape; Color; Sensory (aroma, taste, appearance, etc.); End-use quality (baking, malting, etc.)","Finger millet","Tanzania","ANOVA","GenStat","Hypothesis_Testing","statistical inference","GenStat","Paid_proprietary",NA,NA
1094,"Farmer/grower; Distribution/retailer/trader","Color","Sorghum","Tanzania, also Kenya, Burundi, Rwanda, and Uganda","Descriptive Statistics","SPSS",NA,NA,"SPSS","Paid_proprietary",NA,NA
1094,"Farmer/grower; Distribution/retailer/trader","Color","Sorghum","Tanzania, also Kenya, Burundi, Rwanda, and Uganda","Descriptive Statistics","Stata",NA,NA,"Stata","Paid_proprietary",NA,NA
1094,"Farmer/grower; Distribution/retailer/trader","Color","Sorghum","Tanzania, also Kenya, Burundi, Rwanda, and Uganda","Probit model and gross margin analysis","SPSS",NA,NA,"SPSS","Paid_proprietary",NA,NA
1094,"Farmer/grower; Distribution/retailer/trader","Color","Sorghum","Tanzania, also Kenya, Burundi, Rwanda, and Uganda","Probit model and gross margin analysis","Stata",NA,NA,"Stata","Paid_proprietary",NA,NA
896,"Farmer/grower","Color","Sorghum","Tanzania","Maximum Likelihood Estimation","SAS",NA,NA,"SAS","Paid_proprietary",NA,NA
896,"Farmer/grower","Color","Sorghum","Tanzania","Maximum Likelihood Estimation","SAS",NA,NA,"SAS","Paid_proprietary",NA,NA
218,"Consumer","Color; Sensory (aroma, taste, appearance, etc.)","Sorghum","Tanzania","OLS Regression","Not reported","Regression_Predictive_Modeling","statistical inference",NA,NA,NA,NA
218,"Consumer","Color; Sensory (aroma, taste, appearance, etc.)","Sorghum","Tanzania","Conjoint Analysis","Not reported","Rank_choice","statistical inference",NA,NA,NA,NA
218,"Consumer","Color; Sensory (aroma, taste, appearance, etc.)","Sorghum","Tanzania","Logistic Regression","Not reported","Regression_Predictive_Modeling","statistical inference",NA,NA,NA,NA
178,"Farmer/grower; Consumer","Color; Milling/processing quality; End-use quality (baking, malting, etc.)","Pearl millet","Nigeria, Mali","Regression","Not reported","Regression_Predictive_Modeling","statistical inference",NA,NA,NA,NA
3122,"Farmer/grower; Processor/miller; Distribution/retailer/trader; Chef/brewer/home cook; Other: Government","Color; Sensory (aroma, taste, appearance, etc.)","Sorghum","Kenya, Uganda, Tanzania","Qualitative/Thematic Analysis","QDA/MaxQDA","Classification_clustering","statistical inference","QDA_MaxQDA","Paid_proprietary",NA,NA
2354,"Farmer/grower","Size and shape; Color; Hardness; End-use quality (baking, malting, etc.)","Sorghum; Pearl millet","Angola, Botswana, Lesotho, Malawi, Mozambique, Namibia, South Africa, Swaziland, Tanzania, Zambia, and Zimbabwe",NA,"Not reported",NA,NA,NA,NA,NA,NA
2239,"Farmer/grower; Consumer; Processor/miller; Distribution/retailer/trader; Chef/brewer/home cook","Size and shape; Color; Hardness; Milling/processing quality","Sorghum; Pearl millet","Mali, Burkina Faso",NA,"Not reported",NA,NA,NA,NA,NA,NA
1574,"Farmer/grower","Size and shape; Starch, protein, tannins, fiber, and/or fat; Color","Sorghum","Ethiopia, Kenya, Malawi, Mozambique, Rwanda, Tanzania, Uganda, Zambia, and Zimbabwe","Ranking","Not reported",NA,NA,NA,NA,NA,NA
1574,"Farmer/grower","Size and shape; Starch, protein, tannins, fiber, and/or fat; Color","Sorghum","Ethiopia, Kenya, Malawi, Mozambique, Rwanda, Tanzania, Uganda, Zambia, and Zimbabwe","Other","Not reported",NA,NA,NA,NA,NA,NA
1000,"Consumer","Color","Sorghum","Tanzania",NA,"Not reported",NA,NA,NA,NA,NA,NA
845,"Farmer/grower","Size and shape; Color; Grain morphology (e.g. pericarp thickness)","Sorghum; Pearl millet; Finger millet","Tanzania",NA,"Not reported",NA,NA,NA,NA,NA,NA
831,"Processor/miller; Chef/brewer/home cook","Color; End-use quality (baking, malting, etc.)","Sorghum; Pearl millet","Tanzania",NA,"Not reported",NA,NA,NA,NA,NA,NA
763,"Farmer/grower; Consumer; Processor/miller","Size and shape; Color; Grain morphology (e.g. pericarp thickness); Sensory (aroma, taste, appearance, etc.); Milling/processing quality; End-use quality (baking, malting, etc.)","Sorghum; Pearl millet","Tanzania",NA,"Not reported",NA,NA,NA,NA,NA,NA
701,"Consumer","Color","Sorghum","Tanzania",NA,"Not reported",NA,NA,NA,NA,NA,NA
178,"Farmer/grower; Consumer","Color; Milling/processing quality; End-use quality (baking, malting, etc.)","Pearl millet","Nigeria, Mali","System dynamics modelling","Not reported",NA,NA,NA,NA,NA,NA
