"raw_term","category","group","domain"
NA,NA,"Descriptive_Statistics","Analysis"
NA,"Cross_Tabulation","Descriptive_Statistics","Analysis"
NA,"Deviations_ratio","Descriptive_Statistics","Analysis"
NA,"Frequency","Descriptive_Statistics","Analysis"
NA,"Mean","Descriptive_Statistics","Analysis"
NA,"Pivot_Table","Descriptive_Statistics","Analysis"
NA,"Rank_Index","Descriptive_Statistics","Analysis"
NA,NA,"Economic_Analysis","Analysis"
NA,"Cost-benefit_ratios","Economic_Analysis","Analysis"
NA,"Gross_margin_analysis","Economic_Analysis","Analysis"
NA,"Partial_budgeting","Economic_Analysis","Analysis"
NA,NA,"Multivariate_Analysis","Analysis"
NA,"AMMI","Multivariate_Analysis","Analysis"
NA,"Dimension_Reduction","Multivariate_Analysis","Analysis"
"Correspondence Analysis","Dimension_Reduction","Multivariate_Analysis","Analysis"
"Principal Component Analysis","Dimension_Reduction","Multivariate_Analysis","Analysis"
"Principal Coordinates Analysis","Dimension_Reduction","Multivariate_Analysis","Analysis"
NA,"Stability Analysis","Multivariate_Analysis","Analysis"
NA,NA,"statistical inference","Analysis"
NA,"Hypothesis_Testing","statistical inference","Analysis"
"ANOVA","Hypothesis_Testing","statistical inference","Analysis"
"Chi-Square Analysis","Hypothesis_Testing","statistical inference","Analysis"
"Diversity Index Analysis","Hypothesis_Testing","statistical inference","Analysis"
"F-test","Hypothesis_Testing","statistical inference","Analysis"
"Fisher's LSD","Hypothesis_Testing","statistical inference","Analysis"
"Friedman Test","Hypothesis_Testing","statistical inference","Analysis"
"Kruskal-Wallis Test","Hypothesis_Testing","statistical inference","Analysis"
"LSD","Hypothesis_Testing","statistical inference","Analysis"
"Mann-Whitney Test","Hypothesis_Testing","statistical inference","Analysis"
"Newman-Keuls","Hypothesis_Testing","statistical inference","Analysis"
"Normality Test","Hypothesis_Testing","statistical inference","Analysis"
"Perception Test","Hypothesis_Testing","statistical inference","Analysis"
"Rank_Sum_Multiple_Comparison","Hypothesis_Testing","statistical inference","Analysis"
"t-test","Hypothesis_Testing","statistical inference","Analysis"
"Tukey's HSD Test","Hypothesis_Testing","statistical inference","Analysis"
"Wald Test","Hypothesis_Testing","statistical inference","Analysis"
"Wilcoxon_Test","Hypothesis_Testing","statistical inference","Analysis"
"Cochran\'s_Q","Hypothesis_Testing","statistical inference","Analysis"
NA,"Model_Evaluation","statistical inference","Analysis"
"Cross-validation","Model_Evaluation","statistical inference","Analysis"
"MLE","Model_Evaluation","statistical inference","Analysis"
NA,"Classification_clustering","statistical inference","Analysis"
"Categorical_classification_trees","Classification_clustering","statistical inference","Analysis"
"Cluster Analysis","Classification_clustering","statistical inference","Analysis"
"Latent_class_model","Classification_clustering","statistical inference","Analysis"
"Qualitative_Thematic Analysis","Classification_clustering","statistical inference","Analysis"
NA,"Correlation_Association","statistical inference","Analysis"
"Correlation Analysis","Correlation_Association","statistical inference","Analysis"
"Kendall Correlation_Concordance","Correlation_Association","statistical inference","Analysis"
"Pearson_Correlation","Correlation_Association","statistical inference","Analysis"
"Spearman Correlation","Correlation_Association","statistical inference","Analysis"
NA,"Rank_choice","statistical inference","Analysis"
"Bradley-Terry-Luce Model","Rank_choice","statistical inference","Analysis"
"Conjoint Analysis","Rank_choice","statistical inference","Analysis"
"Dominance_analysis","Rank_choice","statistical inference","Analysis"
"Garrett_Ranking_Test","Rank_choice","statistical inference","Analysis"
"Location Analysis","Rank_choice","statistical inference","Analysis"
"Multiple Factor Analysis","Rank_choice","statistical inference","Analysis"
"Pair-wise rankings","Rank_choice","statistical inference","Analysis"
"Sensory Multivariate Analysis","Rank_choice","statistical inference","Analysis"
NA,"Regression_Predictive_Modeling","statistical inference","Analysis"
"Bernoulli","Regression_Predictive_Modeling","statistical inference","Analysis"
"Conditional Logit Model","Regression_Predictive_Modeling","statistical inference","Analysis"
"Linear_Regression","Regression_Predictive_Modeling","statistical inference","Analysis"
"Logistic Regression","Regression_Predictive_Modeling","statistical inference","Analysis"
"marginal analysis","Regression_Predictive_Modeling","statistical inference","Analysis"
"Mixed Logit Model","Regression_Predictive_Modeling","statistical inference","Analysis"
"OLS Regression","Regression_Predictive_Modeling","statistical inference","Analysis"
"Partial_Least_Squares_Regression","Regression_Predictive_Modeling","statistical inference","Analysis"
"Path_Regression","Regression_Predictive_Modeling","statistical inference","Analysis"
"Probit Model","Regression_Predictive_Modeling","statistical inference","Analysis"
"Random Utility","Regression_Predictive_Modeling","statistical inference","Analysis"
"Regression","Regression_Predictive_Modeling","statistical inference","Analysis"
"Repeated Binary Response Test","Regression_Predictive_Modeling","statistical inference","Analysis"
"Stepwise_Regression","Regression_Predictive_Modeling","statistical inference","Analysis"
"Tobit_Model","Regression_Predictive_Modeling","statistical inference","Analysis"
NA,NA,"statistical sampling","Analysis"
NA,NA,"Qualitative_Thematic_Analysis","Analysis"
NA,NA,"Africa","Country"
NA,"Central_Africa","Africa","Country"
"Burundi","Central_Africa","Africa","Country"
"Chad","Central_Africa","Africa","Country"
"Democratic Republic of the Congo","Central_Africa","Africa","Country"
NA,"East_Africa","Africa","Country"
"Eritrea","East_Africa","Africa","Country"
"Ethiopia","East_Africa","Africa","Country"
"Kenya","East_Africa","Africa","Country"
"Malawi","East_Africa","Africa","Country"
"Rwanda","East_Africa","Africa","Country"
"Uganda","East_Africa","Africa","Country"
"United Republic of Tanzania","East_Africa","Africa","Country"
NA,"North_Africa","Africa","Country"
"Sudan","North_Africa","Africa","Country"
NA,"Southern_Africa","Africa","Country"
"Angola","Southern_Africa","Africa","Country"
"Botswana","Southern_Africa","Africa","Country"
"Eswatini","Southern_Africa","Africa","Country"
"Lesotho","Southern_Africa","Africa","Country"
"Mozambique","Southern_Africa","Africa","Country"
"Namibia","Southern_Africa","Africa","Country"
"South Africa","Southern_Africa","Africa","Country"
"Swaziland","Southern_Africa","Africa","Country"
"Zambia","Southern_Africa","Africa","Country"
"Zimbabwe","Southern_Africa","Africa","Country"
NA,"West_Africa","Africa","Country"
"Benin","West_Africa","Africa","Country"
"Burkina Faso","West_Africa","Africa","Country"
"Côte d'Ivoire","West_Africa","Africa","Country"
"Ghana","West_Africa","Africa","Country"
"Guinea","West_Africa","Africa","Country"
"Mali","West_Africa","Africa","Country"
"Niger","West_Africa","Africa","Country"
"Nigeria","West_Africa","Africa","Country"
"Senegal","West_Africa","Africa","Country"
"Sierra Leone","West_Africa","Africa","Country"
NA,NA,"Asia","Country"
NA,"South_Asia","Asia","Country"
"India","South_Asia","Asia","Country"
"Nepal","South_Asia","Asia","Country"
NA,NA,"Latin_America_and_the_Caribbean","Country"
NA,"Central_America","Latin_America_and_the_Caribbean","Country"
"Nicaragua","Central_America","Latin_America_and_the_Caribbean","Country"
NA,"South_America","Latin_America_and_the_Caribbean","Country"
"Brazil","South_America","Latin_America_and_the_Caribbean","Country"
NA,NA,"Oceania","Country"
NA,"Australia_and_New_Zealand","Oceania","Country"
"Australia","Australia_and_New_Zealand","Oceania","Country"
NA,NA,"Finger Millet","Crop"
NA,NA,"Minor_Millets","Crop"
NA,"Barnyard Millet","Minor_Millets","Crop"
NA,"Fonio","Minor_Millets","Crop"
NA,"Foxtail Millet","Minor_Millets","Crop"
NA,"Kodo Millet","Minor_Millets","Crop"
NA,"Little Millet","Minor_Millets","Crop"
NA,NA,"Pearl Millet","Crop"
NA,NA,"Sorghum","Crop"
NA,NA,"Experimental","Method"
NA,"Food Basket Simulation","Experimental","Method"
NA,"Functional Quality Test","Experimental","Method"
NA,"Germplasm Collection","Experimental","Method"
NA,"Sensory Evaluation","Experimental","Method"
NA,NA,"Market_Based","Method"
NA,"Market Analysis","Market_Based","Method"
NA,NA,"Not reported","Method"
NA,NA,"Other","Method"
NA,NA,"Participatory","Method"
NA,"Mother-Baby Trial","Participatory","Method"
NA,"Participatory Observation_Appraisal","Participatory","Method"
NA,"Participatory Varietal Selection","Participatory","Method"
NA,NA,"Qualitative","Method"
NA,"Case study","Qualitative","Method"
NA,"Focus Group","Qualitative","Method"
NA,"Interview","Qualitative","Method"
NA,"Stakeholder Consultation","Qualitative","Method"
NA,NA,"Quantitative","Method"
NA,"Check-All-That-Apply","Quantitative","Method"
NA,"Questionnaire","Quantitative","Method"
NA,"Ranking","Quantitative","Method"
NA,"Survey","Quantitative","Method"
NA,NA,"Book","PublicationType"
NA,NA,"Case study","PublicationType"
NA,NA,"Conference proceedings","PublicationType"
NA,NA,"Dissertation_Thesis","PublicationType"
NA,NA,"Newsletter","PublicationType"
NA,NA,"Poster","PublicationType"
NA,NA,"Report","PublicationType"
NA,NA,"Research article","PublicationType"
NA,NA,"Working paper","PublicationType"
NA,NA,"Free","Software"
NA,"Open_Source","Free","Software"
"GRETL","Open_Source","Free","Software"
"R","Open_Source","Free","Software"
"VBS","Open_Source","Free","Software"
NA,"Proprietary","Free","Software"
"PLABSTAT","Proprietary","Free","Software"
NA,NA,"Not reported","Software"
NA,NA,"Paid_proprietary","Software"
NA,"Excel_XLSTAT","Paid_proprietary","Software"
NA,"GenStat","Paid_proprietary","Software"
NA,"MINITAB","Paid_proprietary","Software"
NA,"NLOGIT","Paid_proprietary","Software"
NA,"NTSYS","Paid_proprietary","Software"
NA,"QDA_MaxQDA","Paid_proprietary","Software"
NA,"S-PLUS","Paid_proprietary","Software"
NA,"SAS","Paid_proprietary","Software"
NA,"Sphinx","Paid_proprietary","Software"
NA,"SPSS","Paid_proprietary","Software"
NA,"Stata","Paid_proprietary","Software"
NA,"Statgraphics","Paid_proprietary","Software"
NA,"WinStat","Paid_proprietary","Software"
NA,NA,"Composition_Nutrition","TraitGroup"
NA,"carbohydrate content","Composition_Nutrition","TraitGroup"
NA,"Digestibility","Composition_Nutrition","TraitGroup"
NA,"Fiber","Composition_Nutrition","TraitGroup"
NA,"Iron","Composition_Nutrition","TraitGroup"
NA,"moisture","Composition_Nutrition","TraitGroup"
NA,"phenolic compounds","Composition_Nutrition","TraitGroup"
NA,"Protein Content","Composition_Nutrition","TraitGroup"
NA,"Starch","Composition_Nutrition","TraitGroup"
NA,"sugar","Composition_Nutrition","TraitGroup"
NA,"sugar content","Composition_Nutrition","TraitGroup"
NA,"Tannins","Composition_Nutrition","TraitGroup"
NA,NA,"End_Use_Quality","TraitGroup"
NA,"Beverage_Quality","End_Use_Quality","TraitGroup"
"Brewing_Quality","Beverage_Quality","End_Use_Quality","TraitGroup"
"Fermentability","Beverage_Quality","End_Use_Quality","TraitGroup"
"Malting_quality","Beverage_Quality","End_Use_Quality","TraitGroup"
"wort","Beverage_Quality","End_Use_Quality","TraitGroup"
NA,"Cooking_quality","End_Use_Quality","TraitGroup"
NA,"Food_Quality","End_Use_Quality","TraitGroup"
"Flour_Quality","Food_Quality","End_Use_Quality","TraitGroup"
"Food_Yield","Food_Quality","End_Use_Quality","TraitGroup"
"Porridge_stickiness","Food_Quality","End_Use_Quality","TraitGroup"
NA,NA,"Grain Morphology","TraitGroup"
NA,"Endosperm Texture","Grain Morphology","TraitGroup"
NA,"Grain Color","Grain Morphology","TraitGroup"
"Black","Grain Color","Grain Morphology","TraitGroup"
"Brown","Grain Color","Grain Morphology","TraitGroup"
"Cream","Grain Color","Grain Morphology","TraitGroup"
"Dark","Grain Color","Grain Morphology","TraitGroup"
"Gray","Grain Color","Grain Morphology","TraitGroup"
"Maroon","Grain Color","Grain Morphology","TraitGroup"
"Pink","Grain Color","Grain Morphology","TraitGroup"
"Purple","Grain Color","Grain Morphology","TraitGroup"
"Red","Grain Color","Grain Morphology","TraitGroup"
"Tan","Grain Color","Grain Morphology","TraitGroup"
"White","Grain Color","Grain Morphology","TraitGroup"
"Yellow","Grain Color","Grain Morphology","TraitGroup"
NA,"grain length","Grain Morphology","TraitGroup"
NA,"Grain Shape","Grain Morphology","TraitGroup"
NA,"Grain Size","Grain Morphology","TraitGroup"
NA,"Hardness","Grain Morphology","TraitGroup"
NA,"hilum","Grain Morphology","TraitGroup"
NA,"morphology","Grain Morphology","TraitGroup"
NA,"testa","Grain Morphology","TraitGroup"
NA,"Texture","Grain Morphology","TraitGroup"
NA,"Vitreousness","Grain Morphology","TraitGroup"
NA,"weight","Grain Morphology","TraitGroup"
NA,"flour_semolina_ratio","Grain Morphology","TraitGroup"
NA,NA,"Postharvest_Handling","TraitGroup"
NA,"Decortication","Postharvest_Handling","TraitGroup"
NA,"Germination","Postharvest_Handling","TraitGroup"
NA,"Grinding_ability","Postharvest_Handling","TraitGroup"
NA,"Milling_Quality","Postharvest_Handling","TraitGroup"
NA,"Shattering","Postharvest_Handling","TraitGroup"
NA,"solubility","Postharvest_Handling","TraitGroup"
NA,"Storability","Postharvest_Handling","TraitGroup"
NA,"water holding capacity","Postharvest_Handling","TraitGroup"
NA,"flour_semolina_ratio","Postharvest_Handling","TraitGroup"
NA,NA,"Sensory","TraitGroup"
NA,"Aroma","Sensory","TraitGroup"
NA,"Food Elasticity","Sensory","TraitGroup"
NA,"Taste","Sensory","TraitGroup"
"sweetness","Taste","Sensory","TraitGroup"
NA,NA,"Brewer","ValueChainActor"
NA,NA,"Chef_home cook","ValueChainActor"
NA,NA,"Farmer_grower","ValueChainActor"
NA,NA,"Processor_miller","ValueChainActor"
NA,NA,"Producer","ValueChainActor"
NA,NA,"Traders","ValueChainActor"
